# File exported by ZBrush version 2026
# www.zbrush.com
#Vertex Count 2474
#Face Count 2472
#Auto scale x=0.001581 y=0.001581 z=0.001581
#Auto offset x=-0.000000 y=-0.063057 z=-0.000000
v -160.87343973 69.66329954 4.83834129
v -175.51938572 100.53641518 84.18108507
v -215.8347783 105.93050975 48.12359006
v -110.64525327 -102.2165067 -17.1574691
v -268.52087702 36.35119911 -7.95200902
v -133.05088042 -81.60135193 20.27070158
v -150.80734614 92.56377483 -23.60794336
v -220.93950411 58.53188817 -51.80604832
v -194.22392929 87.23860294 16.4172995
v -245.94497863 65.58110108 0.15990512
v -225.5616958 104.28944049 -34.72442926
v -262.13174314 61.41704634 -37.23809501
v -235.49059425 167.19590783 12.54276664
v -196.38363837 119.31879125 67.58716886
v -90.53042398 -114.9824204 -12.74311263
v -177.23174763 106.27772398 60.19769029
v -44.31565937 24.89619146 -26.31469673
v -59.42010041 44.70589403 -25.12499609
v -56.18486212 44.28815279 -37.96207994
v -71.14877214 37.10964802 -24.69242243
v -95.41494401 -45.91378624 34.97453781
v -272.86562526 77.12050638 25.3688852
v -178.57350645 95.69883306 -1.36782716
v -162.73169456 90.80429126 0.90390048
v -151.94648323 59.64473283 6.7516193
v -124.99482422 82.24594009 3.48858054
v -125.82132149 84.58296439 -9.21342696
v -157.8186782 95.3055196 -17.7338908
v -134.25015759 78.55742495 0.13493897
v -104.86321187 40.60054304 -36.81582819
v -149.09588887 71.74282736 -38.63988319
v -85.24355346 29.59970113 12.61425248
v -276.20629245 33.74173753 9.04133642
v -168.63243298 85.76257023 9.97370078
v -68.4208232 36.53473965 32.10684707
v -260.8670488 63.17684089 -34.10829032
v -192.14558175 96.4384137 -60.48432626
v -234.75376053 60.97044597 -44.47340692
v -229.37946923 58.88912889 -44.12169773
v -185.87444756 90.07072745 -59.83640223
v -216.38418079 133.52866986 -27.14060033
v -178.35043596 53.0432346 -80.74979315
v -128.3742498 71.62008535 -27.57207381
v -112.86404701 46.48079869 0.0725995
v -119.59416626 7.88444684 80.77169311
v -152.41940549 26.40460765 -70.28072713
v -178.76235119 -96.91077055 20.03727478
v -265.38848561 -16.99191309 -18.13161323
v -164.2220414 -32.47639945 -54.32975469
v -306.93001202 -4.7255757 3.55783598
v -295.75519062 -15.76359304 -8.94135543
v -307.68311051 -10.3691451 6.81985878
v -307.27481386 -15.38247816 -4.05463533
v -269.91065744 -6.27125198 38.98919177
v -248.85784275 146.48120438 -19.04193745
v -182.2304603 85.5367434 34.78984879
v -227.91731717 74.74980994 57.77053597
v -129.91396578 50.05276062 52.58868442
v -188.17006078 109.84705443 56.09987256
v -187.70705193 114.98663265 62.71984181
v -195.71789471 120.83336562 70.76383607
v -197.13873462 118.92163776 68.91472193
v -199.38255689 103.35886187 63.40508718
v -187.01786287 115.86329535 70.50386359
v -220.30255832 -33.05380826 60.34403554
v -135.97182039 77.39175866 76.54609892
v -157.3185035 85.21034544 62.87690616
v -141.02597086 81.22093439 65.79539604
v -153.12503836 101.26129533 79.91489963
v -154.06464459 101.85398888 74.60627522
v -132.73723231 78.95816168 66.4867619
v -250.94642408 140.56097839 9.5225972
v -242.85578404 138.57529105 19.69045162
v -202.07966307 187.17402258 -3.98840068
v -207.16237584 189.22155563 6.92423932
v -230.46591072 187.35080538 -14.3389979
v -232.19291658 189.6570953 -10.8872372
v -228.25759579 168.92910486 32.16285028
v -214.72996119 162.53292228 30.150417
v -198.65729509 127.13496563 15.98360328
v -105.61512301 -76.73658333 27.59326937
v -123.36148686 -93.28490447 -14.08165218
v -86.59626227 -107.87380126 -0.13127847
v -268.94668233 79.54246841 13.39380007
v -155.41576084 66.31520909 2.54017345
v -153.31734148 72.52990188 -5.59903621
v -156.63431826 74.4308329 -4.35962689
v -157.91007566 77.18867754 -2.50450121
v -161.73927966 74.03691634 5.2643227
v -169.77200355 69.9038622 9.4093575
v -171.80419532 65.74682553 10.55378111
v -163.30716215 63.66242347 9.34625023
v -156.95667359 60.90274127 7.82960625
v -168.19511229 73.84762635 9.1886352
v -170.51535825 95.55427354 90.67918162
v -164.7169767 97.55509485 89.60003383
v -168.87568837 102.40937051 86.46537138
v -170.05587375 102.65199453 81.80352606
v -175.41052671 101.5485768 78.83437603
v -183.22564568 104.46676043 78.39287607
v -186.10701683 103.45335492 81.37421525
v -180.7829145 97.89543472 86.10565231
v -175.51802875 92.51051854 91.53174399
v -181.36997285 105.65095074 74.34355582
v -219.92539656 90.85470639 53.21963222
v -213.37404844 87.81176651 58.29538582
v -208.80719089 98.29997143 54.16501499
v -205.27937518 103.13434018 52.22153972
v -210.62074116 110.57870529 48.32608458
v -223.91772886 108.37315141 42.87736263
v -227.07258563 95.32617568 47.00347409
v -218.52651314 122.17630237 42.62580523
v -224.1645086 121.8164231 39.15773617
v -214.74481246 124.02567095 44.18003794
v -119.09148494 -97.49993975 -16.39928551
v -120.44838715 -89.08422101 -20.06252005
v -116.415261 -90.90102235 -21.87935201
v -113.67620189 -91.67067774 -22.25101523
v -106.68264234 -102.99861981 -18.04756837
v -107.64127439 -108.2370541 -12.68858064
v -117.98241789 -102.65981124 -13.76984752
v -274.21477203 28.99691395 -2.76040573
v -269.62132167 38.82163925 3.17229829
v -264.59464038 42.58287403 0.07687989
v -263.99889365 41.37217675 -6.35544467
v -270.32261036 31.60683198 -15.97045883
v -273.78063644 25.09701686 -11.78700486
v -267.10661463 40.85698536 -16.95822683
v -268.52749224 37.04790008 -21.62062577
v -264.84858189 43.67856105 -13.98806614
v -120.4280609 -76.3180623 24.23765905
v -126.57635178 -70.89577767 28.04872302
v -138.12514041 -76.5302959 27.3946832
v -124.34307429 -86.49775486 15.7303426
v -115.59503028 -82.07404803 21.48516218
v -136.87999018 -85.07828134 12.03949753
v -129.15066176 -88.08490818 9.68405345
v -151.1697603 85.64942359 -19.77368607
v -146.60410894 84.16001437 -18.6197095
v -144.54866967 87.43748359 -21.44635195
v -142.89112362 87.67975895 -23.78735528
v -147.78556648 94.15051824 -26.11744633
v -153.68328941 103.89802585 -28.21887175
v -155.78116221 102.52576822 -26.76375896
v -157.46868407 101.253064 -26.29928478
v -154.18987202 93.15790544 -22.82358748
v -154.11145999 86.66495407 -19.62868012
v -229.21192135 59.79716323 -48.52090846
v -225.3322551 58.51944341 -43.66948338
v -220.758085 59.1803835 -41.68620842
v -215.35720089 59.29698499 -50.20582004
v -221.33980972 57.70357807 -56.25328535
v -229.58808424 60.44344524 -52.38553498
v -197.37028617 96.45087142 10.3688942
v -199.28496826 105.56236617 16.73419868
v -198.92339278 99.84381957 22.20703156
v -195.87032747 97.03864596 27.03307003
v -191.34623326 85.37009075 21.63567964
v -193.03187044 82.59528872 11.75168246
v -196.00182145 92.28514403 6.85179524
v -183.62904217 72.5577692 22.64386459
v -184.85321593 71.81957381 19.19209446
v -184.75604193 70.31140027 15.86308519
v -246.05270683 60.02196056 -3.47664552
v -253.99155491 55.8989435 -0.75632364
v -255.85028091 60.05552196 3.05512874
v -242.50180381 74.33842007 -1.87853014
v -234.65626614 72.55030824 -10.18741148
v -235.04381248 67.09753893 -9.16379691
v -235.61897852 63.22431122 -10.44037415
v -251.71714432 73.57707611 5.47147767
v -248.8048456 79.56769482 2.47646662
v -258.28349447 68.46946674 7.41743541
v -223.32247215 111.31107232 -38.56376811
v -218.67182182 106.56787016 -43.75841662
v -220.0489372 100.7349613 -42.89553564
v -224.79057979 90.06432426 -33.72400918
v -231.28772457 89.00139412 -25.51888201
v -232.75803728 101.97184722 -26.81244491
v -231.54786668 117.37917957 -31.95261445
v -229.24196312 120.88119875 -34.15492432
v -235.53701387 114.48260378 -26.98911934
v -218.77621413 90.81722486 -41.15293878
v -262.50801911 62.92480525 -36.20600292
v -259.95631584 63.42377376 -38.04997661
v -260.56704575 61.45918775 -38.88653571
v -262.9564217 58.72682278 -36.74569932
v -263.74140894 59.61798336 -34.82982045
v -261.37255714 57.79168088 -38.93225329
v -244.28012945 160.78241449 9.62997614
v -247.08117562 160.42267657 12.34190944
v -238.65502519 167.62780065 17.12637427
v -232.83054085 171.44431134 20.59677679
v -231.06618067 173.02189992 16.08354658
v -231.86136402 173.77887143 7.57050955
v -232.43849012 170.4447535 4.83147665
v -235.15483886 164.94520649 8.42317028
v -229.74790493 177.61178824 10.00843657
v -241.63521001 160.24539433 7.71468153
v -194.5654141 118.38851889 66.08927389
v -195.93146642 115.43444157 64.37381168
v -197.65786919 115.18870783 66.9810941
v -198.00451801 115.56006479 69.62359645
v -196.38094328 119.99421273 69.78233816
v -195.16577828 119.8433631 68.9498429
v -193.56065455 119.27571693 67.86525782
v -91.72786359 -115.00665736 -13.62435391
v -90.38583148 -113.13551132 -14.17969549
v -89.36902884 -113.3845621 -12.87425912
v -90.72188842 -115.37282203 -11.26916013
v -92.37919889 -115.74621443 -11.78970938
v -89.17176902 -113.66510585 -11.19662123
v -182.5263736 110.10055305 60.78301003
v -179.99427098 109.58360943 65.3635315
v -174.9745253 104.86517665 68.20293558
v -176.26782905 101.97408527 56.49000091
v -184.80061456 104.72668108 50.75334256
v -185.27008786 107.90955831 52.82067886
v -44.13458893 13.96634052 -24.98909431
v -48.43503311 12.55946371 -31.96123449
v -48.72722888 23.22804528 -36.02886675
v -44.77495069 28.54373605 -23.18036881
v -41.28560598 23.85868446 -10.96599789
v -40.74805811 20.27104789 -11.77430567
v -42.22002463 14.27023307 -12.63098017
v -53.90601782 31.7189556 -39.51261868
v -49.73960723 33.71457225 -34.88115673
v -49.20274256 35.19822995 -31.54048719
v -62.49850993 44.8671833 -25.91646898
v -61.34962434 39.2608786 -22.15039698
v -58.01266056 40.29051081 -22.09546098
v -55.54844404 40.91798075 -22.47221518
v -58.29059402 46.33665027 -26.35399698
v -62.13758467 47.55674665 -27.49808135
v -53.99148797 41.10624323 -37.11743557
v -57.31756303 38.21336863 -40.76930314
v -59.44637282 42.05375715 -41.05169859
v -61.40688086 44.48884774 -40.22152148
v -56.51428499 46.58483998 -36.48075129
v -53.18381391 42.95336521 -34.5262907
v -72.90775627 39.58627932 -28.53321484
v -79.68392292 34.93575644 -26.51057367
v -74.50005005 32.72191057 -20.7708221
v -67.87067626 32.04934555 -17.07197775
v -65.81402137 38.31844679 -23.12669554
v -66.72078237 42.89416659 -27.0300569
v -89.92437749 -45.29286021 33.87041568
v -91.16318578 -35.67172497 36.994531
v -99.39888949 -39.45504177 37.81883263
v -100.16889355 -51.33732418 33.61317598
v -93.27690872 -54.4348679 32.54773451
v -107.97934794 -44.88654248 37.89902333
v -268.08221821 75.06226364 29.45069966
v -267.87986033 79.62639783 27.6672689
v -273.67511332 79.58753106 22.73384147
v -275.61358006 73.15710859 20.18717029
v -274.23243146 72.01806338 24.2011811
v -172.87148848 98.10843161 -1.6051626
v -174.75682614 102.70555237 -9.03491379
v -179.01691465 100.8221842 -9.61842189
v -183.27425153 99.78973873 -10.35852847
v -183.75689872 94.08729671 -4.07734423
v -184.68604499 88.14984948 0.9756878
v -180.8818224 89.52486345 2.67100132
v -174.5399374 92.99077219 5.25155106
v -170.11701271 93.42828606 4.13550775
v -166.01998654 91.82830279 2.70843721
v -163.66053928 88.55050375 5.50275567
v -160.40119595 88.44098511 2.25194905
v -163.57194056 93.85167898 -4.26383783
v -168.54929983 96.22548278 -3.10594997
v -159.14473766 91.53777025 -4.88171127
v -157.47329211 57.52798498 11.19646692
v -148.5758214 54.12128692 10.24373155
v -145.51532103 58.00024759 6.60624879
v -149.52042202 64.68922904 1.7052792
v -125.64129705 78.27756204 4.6358933
v -122.81885978 78.2375998 3.24394962
v -123.13329947 83.23781315 2.33267658
v -126.77394142 83.75335269 3.15967742
v -128.80342868 78.84169565 5.08772719
v -125.00094 85.44191582 1.34257394
v -128.71182391 84.82370845 -13.23232792
v -131.72699777 84.89811083 -11.43533808
v -126.96324791 84.9691679 -6.96124968
v -122.75447918 84.41621279 -8.83875415
v -125.98686219 84.23215985 -14.95849628
v -123.56170563 85.63915209 -5.04315043
v -157.24423776 92.74458141 -13.72792403
v -157.06041569 89.92024062 -15.7971297
v -157.2479977 94.29622269 -20.03860113
v -160.47383144 99.68492237 -18.78316998
v -159.96917121 95.90877677 -12.32278702
v -159.93454968 100.19809192 -22.70120592
v -133.50870641 82.03069572 -1.68114663
v -138.17246468 77.29613481 -4.68385453
v -137.42606622 73.65236664 0.32158191
v -134.35133653 71.86551754 4.43370681
v -131.901698 79.17880094 3.48186873
v -130.18263606 83.97586248 1.70505318
v -115.73229138 42.93788376 -39.38976124
v -117.12498362 45.85909995 -35.35284216
v -109.0041793 44.46079872 -30.67529983
v -104.84382796 41.7056343 -24.17062576
v -99.73719862 37.95057972 -29.76182937
v -104.57624137 41.61763191 -43.89235126
v -115.12272996 43.0607097 -44.8978317
v -93.25114517 37.54722461 -34.61875301
v -94.84659108 40.12778935 -39.59555394
v -94.56892147 41.96905148 -43.51971744
v -148.60787035 65.20897141 -37.72135002
v -157.23657655 67.23764354 -42.4210915
v -154.65995784 74.03777152 -42.27130672
v -144.86086658 75.02985189 -36.8485462
v -139.93468575 66.61322616 -34.10604049
v -151.24632534 80.67466046 -42.10047479
v -79.10787108 27.93827617 0.17442886
v -87.13662773 30.37058155 -5.56348706
v -94.95074781 32.63819081 3.27719858
v -81.76976205 29.56345406 24.08573044
v -69.18057461 28.38576823 20.42428635
v -69.47178092 27.89668015 12.38676124
v -67.1532029 28.33185113 2.10114492
v -97.51396646 32.12556075 20.60693285
v -92.9556842 32.54324839 30.38291559
v -103.15533549 34.36248509 10.71709082
v -278.39892686 32.8452168 17.51305954
v -277.65738144 40.4354042 18.49202138
v -276.37449996 41.34221169 13.59278791
v -272.32001098 43.32177324 8.52817511
v -281.4462816 24.12246988 8.28037058
v -282.29785452 23.59876851 16.17730106
v -170.77634847 88.76105527 9.11494076
v -175.82396853 85.24243208 8.12560612
v -171.36284142 81.23105982 10.03653947
v -166.26318539 79.75415073 9.61999029
v -165.44444357 85.86038031 9.13836495
v -166.87397185 89.2705497 7.4174254
v -67.46702535 32.42623874 29.3536034
v -74.78792049 33.46364798 33.98878289
v -72.7971398 37.96031364 36.6306892
v -65.73026628 38.94664833 31.88770613
v -62.50092703 34.22700913 29.11707396
v -71.4778699 41.22758057 39.30653857
v -260.99060829 61.28411058 -32.41049226
v -258.1887894 62.36580033 -32.92953965
v -258.75000882 64.0438823 -35.15939646
v -259.38395797 64.22394915 -36.83194454
v -261.95286835 63.25073911 -35.06903321
v -262.85193515 60.50904617 -33.29247917
v -192.07615021 102.07971205 -59.2739719
v -183.41582854 99.5683833 -57.31777506
v -193.31065201 86.26687238 -59.1199937
v -197.73532945 95.25473224 -60.74540599
v -199.30336272 101.91888305 -60.14821749
v -241.09247928 60.25751704 -38.07233832
v -239.44583609 58.79520714 -33.64282197
v -233.05849265 59.01849319 -40.04687307
v -236.3938262 61.90977657 -47.86859313
v -242.02352907 60.9199743 -41.33032938
v -229.92619547 58.18356787 -36.70961952
v -175.12871081 88.94225293 -56.18088073
v -177.31335419 81.079249 -55.45569904
v -184.96980211 80.66036518 -57.7366259
v -173.05614924 97.54645831 -54.78710951
v -191.15752045 79.31804566 -57.02011372
v -227.0122194 140.99345545 -23.44695887
v -224.7357922 143.37997612 -16.99819731
v -215.29873817 139.91012368 -19.6850956
v -208.7441861 137.49674636 -19.71452485
v -209.52178541 130.8297167 -25.58244514
v -207.06143248 123.02332379 -33.57073774
v -210.36990936 124.00738957 -36.17702835
v -213.03329865 122.98354766 -38.68361714
v -218.96208108 132.14593814 -31.62085457
v -228.01729934 139.30619745 -27.66653152
v -175.42784691 50.07262748 -78.72524846
v -184.55034817 47.61935918 -78.15377168
v -186.17782418 52.22582736 -80.17374131
v -186.72585086 55.74313953 -80.26537436
v -176.60234056 56.24252737 -80.82792248
v -171.00652419 53.18011759 -78.76646166
v -128.88615662 77.81001819 -26.22022725
v -120.73519746 75.28860169 -17.8933275
v -119.69021888 69.06059129 -18.9334919
v -140.01247583 80.52753307 -32.78686717
v -139.25626762 83.14941233 -31.93564763
v -133.5835564 69.20295045 -30.88092291
v -141.82121075 78.38012858 -34.52230932
v -116.38649139 58.91191112 -21.50777361
v -122.22921942 59.64644317 -28.68686322
v -129.25865381 58.92813819 -32.73403258
v -116.32230868 46.38066574 3.86627826
v -114.54922244 40.5994525 8.01668704
v -108.05216247 40.2114556 1.35620164
v -108.46974116 46.13373287 -7.96641797
v -113.71582724 53.59214943 -4.81763928
v -117.57153923 53.01913546 1.31458088
v -114.7243373 20.13374556 82.56523753
v -125.17826935 23.73538175 87.895842
v -131.66680115 15.52437557 88.55222823
v -102.96939316 9.60681168 74.6492553
v -101.61400811 19.04722515 76.89966452
v -140.02826943 6.58010123 89.09081267
v -131.57541312 -1.90289814 82.31299222
v -138.78834919 24.18747361 -64.62648575
v -139.1551358 13.02144541 -64.95925393
v -150.71402631 12.48687769 -70.20872301
v -148.80895607 33.4210148 -67.28689254
v -138.03784213 30.98364022 -62.52051355
v -163.13409217 10.9618622 -73.27341208
v -165.06072312 23.31736841 -73.60194444
v -161.25925216 37.99634044 -72.61587147
v -157.91254459 40.82008174 -71.51899829
v -168.83758018 34.72162992 -74.42399858
v -186.56797138 -92.80713859 24.57793295
v -189.38041985 -96.70901577 19.42170478
v -178.45006004 -99.8881472 15.19413993
v -168.82314355 -95.29937084 18.47588029
v -172.8102176 -91.68759273 24.74422516
v -266.43804395 -27.6709558 -12.93721208
v -277.34850156 -23.4729156 -10.37558245
v -278.01464101 -15.41294869 -13.50893269
v -281.08112523 -7.02821406 -15.14011681
v -272.81865909 -5.10730781 -18.49646451
v -258.17618091 -7.04584993 -24.65458988
v -248.64387525 -13.77556398 -27.51051787
v -252.87503395 -23.47470605 -20.81916644
v -266.54058928 1.4534896 -22.16350492
v -255.86124974 -31.62011013 -15.15553937
v -174.66794473 -46.75848008 -43.95743862
v -184.22912365 -42.86709113 -44.58718022
v -177.93143434 -30.6365108 -54.4757607
v -156.84728688 -42.36921574 -48.0796111
v -166.76200313 -52.62549218 -41.90239513
v -175.35345866 -18.07887287 -65.03771778
v -163.32393578 -16.95815851 -65.06409385
v -151.13310331 -14.24894327 -64.27333478
v -149.74743149 -26.4274311 -57.67189192
v -146.03694336 -35.46695942 -51.626316
v -303.79045883 -2.19570172 5.14404785
v -304.37591521 -0.63119751 2.4726207
v -308.05035887 -4.61071871 1.7802246
v -307.97521675 -6.57186284 4.22726242
v -303.59818397 -4.49518795 8.01762055
v -309.45906145 -6.85634085 2.2570901
v -297.90962261 -17.74246255 -6.5160051
v -302.28201908 -14.81053021 -8.02270035
v -298.41931493 -12.95056031 -10.39767794
v -288.24448485 -18.36813796 -9.28551236
v -289.4927071 -23.00672165 -5.93589885
v -288.70099156 -13.05243187 -11.79311358
v -302.35013134 -10.61577877 11.01441056
v -303.07563815 -7.48523435 10.2837845
v -308.62021011 -8.39401195 5.25889188
v -309.8331135 -9.29329078 3.14839321
v -308.44668781 -11.92349089 5.22131317
v -302.22153976 -14.23463385 10.49937164
v -305.30492954 -17.45225041 -2.93218
v -306.50501712 -17.74940288 -1.40698532
v -308.51280231 -14.52789447 -3.42981274
v -306.80360666 -14.34321958 -6.14595269
v -304.02430967 -16.39900281 -5.25641647
v -308.03854193 -12.35592084 -5.95074658
v -283.47564635 -9.20249171 28.35165674
v -282.44661215 -17.10146471 28.15778933
v -270.0625248 -18.55560217 37.46360145
v -256.37525797 -21.54443766 45.57186795
v -255.36838759 -11.36225262 49.44311911
v -251.35843355 1.82981268 52.04863465
v -262.53644005 6.55736966 43.83577323
v -271.27282733 13.06667061 36.18720562
v -277.61235648 3.8614791 32.76582945
v -287.02161151 -1.96958747 26.01492927
v -249.9723094 139.19861061 -23.13520721
v -251.58159827 139.68581873 -20.62490561
v -254.08322564 143.10759303 -20.21686811
v -251.00469833 141.72374934 -23.95975149
v -245.96116801 145.59979701 -21.71226117
v -247.59578696 145.71773074 -23.74449771
v -250.9732619 146.95112057 -19.55809657
v -248.66824414 146.44750634 -16.76048052
v -244.49447388 145.45272616 -18.90817714
v -251.39510938 147.22445543 -16.26667721
v -183.35687581 91.3397377 39.99667939
v -175.69705431 87.90123218 44.75466685
v -177.09196106 80.65641678 36.70257789
v -186.98797188 85.06060306 28.2078935
v -190.39859831 94.71904079 33.14708333
v -180.87494333 75.08778454 28.38570816
v -240.54254908 67.49904838 54.75324655
v -239.37636686 55.6660079 56.67346489
v -228.45816322 58.31626334 60.79558083
v -233.53216878 83.51768783 50.37752363
v -243.04174522 76.36097171 50.33028417
v -217.70307847 73.92492171 62.12215387
v -219.72846655 59.88342965 64.5508442
v -117.47058646 44.41199204 52.39073198
v -123.01389569 40.75705089 41.2018179
v -134.41818606 45.08234168 39.87013739
v -145.17774692 54.73931761 46.10749815
v -144.13344683 59.86278772 52.36685782
v -132.67056182 57.24078125 57.50028728
v -126.78364752 57.4654278 62.37893182
v -121.30711243 52.3101243 60.81244399
v -112.47015873 48.12557545 58.88911122
v -191.59150526 109.62096846 56.26620011
v -190.71582731 112.93158445 59.78884238
v -187.70126597 112.80981069 60.52249099
v -184.63821186 112.78913577 62.86655457
v -192.73987727 109.41996755 49.20878296
v -194.29370007 108.50999317 50.52131514
v -191.70633869 108.73684244 47.03495763
v -189.94946069 115.82302449 62.42994063
v -189.18152978 117.14235093 64.90278897
v -186.36604698 115.55018436 64.45797198
v -194.31109565 120.12762909 70.75818204
v -195.84365927 116.93424478 73.30462706
v -193.57162338 117.81264609 74.06539147
v -197.39020721 116.20914319 71.78815858
v -198.51258952 103.85615773 69.9862085
v -198.48901219 110.57804094 70.04017625
v -198.10879725 110.26792659 65.92060463
v -202.08889799 96.39928778 65.63199446
v -199.2352693 96.90615309 71.55026038
v -196.94623361 106.57478693 59.0714444
v -198.96715501 104.19468359 53.93742598
v -201.63698989 100.82193448 56.46680524
v -196.41509365 111.28781539 62.48060549
v -204.8496309 95.99378517 59.87365289
v -187.31396463 117.09973365 68.80624457
v -190.34324531 118.89762696 69.51962818
v -189.14528742 117.07173676 72.01995042
v -187.80145545 113.96620201 73.72649338
v -185.91364886 113.8456156 71.13048134
v -185.06179324 114.90025786 68.40632532
v -227.83454211 -41.96035369 50.64930362
v -217.19792822 -48.97399448 51.02834535
v -208.35307772 -42.67637114 59.66450545
v -240.24499611 -26.93954524 52.67039464
v -242.73816128 -35.14761957 46.53401964
v -195.53696562 -37.40701399 69.81809051
v -203.35626857 -28.59869798 71.56321754
v -209.37280161 -16.04971543 73.59459419
v -223.71797184 -18.09506696 65.06493253
v -137.02749451 74.36253452 80.46341632
v -131.91047118 68.07171016 79.65116721
v -130.70097905 70.27496709 75.38447762
v -139.20801044 81.08321154 73.23954912
v -143.40929699 82.51927965 76.07260184
v -142.71310636 81.21850786 79.19215388
v -143.43229949 79.23202896 81.96043492
v -129.63425129 72.21757304 70.88073323
v -133.98173232 78.81593917 70.12248485
v -137.19529682 81.37143535 68.21282071
v -159.48350853 94.05536556 67.34148223
v -155.02207045 92.96296848 69.03657107
v -151.85740392 85.54956392 68.06472743
v -149.5173123 79.15170162 62.90667936
v -151.60575229 72.57855485 56.59763958
v -160.50117812 77.3933253 54.50481772
v -148.355446 81.3724625 66.91138457
v -143.35766624 81.13074312 67.96758641
v -141.70831854 81.86380748 70.68686111
v -139.37546408 81.88035496 66.89956293
v -136.92538265 80.07513025 63.05647357
v -139.68984722 79.36657612 62.91864236
v -143.85752997 79.4891226 64.59365937
v -155.78787167 102.62262654 82.06161386
v -154.39174931 98.10744215 83.19891339
v -152.21147838 97.61077766 79.98362442
v -152.55869261 102.26232322 78.31415307
v -156.9550245 104.69798686 79.91359921
v -151.00367305 97.44142521 77.35226523
v -157.48800202 102.86591491 75.22926025
v -157.50433275 104.73147288 77.80054061
v -152.61638261 102.59971357 76.25861014
v -152.99856704 98.31932708 72.60995358
v -156.50871389 99.18304674 72.18078413
v -151.0367303 97.53565911 74.90806871
v -128.83919045 73.1347092 66.7300597
v -130.17235514 73.77502855 63.22583074
v -134.83067611 80.39569984 64.26841577
v -250.19609607 128.07678636 7.54332837
v -247.8800341 129.69326527 13.9211318
v -247.1819682 140.72359783 13.88052288
v -252.45987708 135.76529266 -1.32418346
v -250.43920069 126.37253799 -1.16843249
v -244.01037549 150.15216138 21.68277539
v -246.92742359 153.19643468 18.91518814
v -248.69885131 156.56119747 17.07585312
v -252.04807493 145.12422678 8.51802023
v -253.22087237 139.36878761 -1.49703774
v -242.67052019 131.58061012 21.07730372
v -237.12010572 132.90593455 28.33639791
v -239.24626754 142.89209894 25.45626594
v -204.2674727 187.9741909 -5.59693597
v -205.33133575 190.75513698 -4.37099886
v -202.35007667 189.21666489 -2.66686975
v -198.12636245 183.02183189 -0.87152569
v -199.31107105 182.44217089 -3.26012635
v -200.9008535 181.80911697 -5.91582585
v -205.13380265 190.187406 5.54898682
v -209.12302523 194.00752585 4.25368119
v -210.44669115 191.47793928 6.23760164
v -211.63626222 186.63487274 9.80522116
v -206.2365843 185.00042342 9.71828627
v -202.43130629 184.22899643 8.54095264
v -231.33746122 188.5959933 -13.58871936
v -229.04989558 190.40740446 -14.56655628
v -228.62505146 188.28333464 -15.59972735
v -230.58027298 184.11262699 -13.77845932
v -232.44506765 184.63603034 -11.77235385
v -227.80755352 184.30501492 -15.86970865
v -233.7111755 187.20545901 -8.51000269
v -231.73420479 188.63821009 -7.40497945
v -230.39306791 190.70297852 -10.70847431
v -229.58693458 191.06420533 -12.8227497
v -232.03070234 189.46824114 -12.59757661
v -233.72885378 185.70210789 -10.07287253
v -227.86629894 165.80177381 33.63353757
v -224.47303039 166.57371908 32.11137737
v -226.45550436 170.53589653 30.74971634
v -230.65739401 169.93464655 31.82473669
v -231.21079201 165.50714209 34.17118438
v -228.87092656 172.39986194 29.27585101
v -221.85148096 160.65667819 34.04187191
v -217.60989999 150.65977114 37.08471049
v -212.49722083 151.39368361 34.42084297
v -206.74953712 150.23285387 31.23515757
v -206.41894575 159.17746038 26.67504953
v -210.3386614 171.509361 23.17743814
v -215.49372696 175.01350515 23.47959914
v -220.28584123 168.88832043 29.51581057
v -203.7562161 166.71161155 21.12712754
v -200.88289252 133.603501 26.33487457
v -201.08839781 123.33796136 32.65835569
v -201.0706253 117.32152727 24.97991357
v -197.58994539 113.22426081 9.46137697
v -195.91508857 117.41427228 0.96236783
v -195.76031881 128.66337355 4.85372998
v -195.90195237 139.06379959 13.82437832
v -199.10081637 142.47551913 21.32510119
v -194.73209502 138.23345757 5.70661835
v -98.66491106 -77.3937894 27.32102999
v -90.81344608 -66.07224582 28.09558789
v -95.77155336 -65.11640309 30.28816812
v -106.01518362 -89.78684783 20.81427099
v -101.75315389 -90.31186258 21.96387747
v -100.94186597 -63.32713689 31.11355108
v -109.81675823 -70.84459924 27.63188171
v -124.89799888 -87.53917139 -15.42321076
v -124.68578414 -96.16959265 -11.19723021
v -128.02008111 -88.60195075 -9.44530008
v -114.12731842 -99.3115488 8.9236642
v -116.49190143 -101.34755705 3.14423985
v -107.19217447 -107.29557261 3.36213454
v -108.12284732 -100.87370188 11.43352997
v -94.33496696 -93.92858798 -18.98896033
v -89.77167146 -95.26767056 -16.47931247
v -91.28587832 -104.98638029 -16.12164652
v -97.86285806 -98.4619171 -19.29750568
v -85.7568361 -104.41386223 1.97003877
v -87.91210677 -105.24328075 4.47178585
v -88.14783287 -109.72196364 0.93667422
v -86.57111124 -109.17176959 -2.89419726
v -84.26337954 -104.32440598 -1.38121352
v -88.61553457 -112.03890199 -2.60784046
v -265.10452117 79.72173898 14.87144771
v -266.28625198 74.62868169 11.50483323
v -271.19361431 74.14030507 11.76776701
v -270.70160027 81.21400348 15.12267176
v -265.49981354 82.40926628 18.8111068
v -274.36400083 74.33070231 13.01806595
v -272.28652025 63.72381215 10.47884278
v -276.18544791 63.07437801 11.72182916
v -278.72246953 62.80471593 13.69048373
v -276.60663575 74.23660269 14.6010506
v -272.32647542 81.5888094 17.37093244
v -276.877954 73.88004517 17.05868134
v -273.56919442 81.25301632 20.0007403
v -267.32930819 82.16919129 25.23927825
v -266.47811221 82.98799908 22.19774481
v -259.88771356 80.53738051 30.84256972
v -259.74330953 83.03763207 26.70083663
v -259.47110548 83.16590326 21.84000229
v -254.35480775 84.83599655 28.52819453
v -254.81359492 85.29617838 22.23642076
v -254.91367132 83.66327921 16.00875784
v -259.26149159 80.78906042 16.54808791
v -254.6852295 80.19467066 9.93894849
v -259.15643964 76.29682198 11.70606972
v -266.858591 65.50571161 9.28208696
v -263.92267728 55.8434044 5.52286636
v -270.6112865 52.48797194 7.51908022
v -260.75513662 50.4531534 1.7839489
v -266.88919818 46.17423873 4.26948951
v -275.11917247 50.75413412 10.2644795
v -278.28494153 50.2070545 13.79289831
v -278.92386623 50.11284534 18.16153485
v -279.15822594 62.48561873 17.03423825
v -277.2107316 49.95556424 22.69644946
v -277.32793972 61.94437926 20.6448031
v -274.70377059 49.2108084 27.90141658
v -274.80569397 61.39467757 24.93641992
v -270.32213919 47.43638463 35.20033166
v -270.8980591 59.78908503 32.04389883
v -269.66463157 68.83186912 30.64401653
v -262.75125565 55.95738148 42.94807104
v -262.42486711 64.51387153 40.86673628
v -260.86897117 71.19320813 37.97804081
v -252.14396735 63.93434953 49.9557374
v -252.48375595 71.80623735 45.57608963
v -252.52256147 77.35033815 40.03766642
v -259.91980962 76.55678269 34.29510196
v -253.45545824 82.06859188 34.343484
v -245.03558379 81.81033446 42.79679735
v -247.87931792 85.9780172 35.58409687
v -249.8690102 88.230476 28.8976244
v -242.64748942 91.86333424 35.57940402
v -245.4581663 93.13499718 28.38254426
v -247.33835879 92.95301738 21.10633719
v -250.82192225 88.36758633 21.93944497
v -248.27404488 91.36176017 13.69404459
v -251.27688353 86.91304837 15.05352999
v -248.72050626 88.94463233 6.70238091
v -251.450632 84.34878372 8.36836679
v -246.67416056 85.5564854 0.31215966
v -247.70494751 96.28035518 3.88774503
v -246.26411116 93.50699964 -3.01811072
v -242.57700246 90.79104668 -9.72284954
v -241.92607237 81.98750361 -5.88292939
v -237.35599202 89.27733926 -17.11379522
v -235.7540157 79.44345214 -13.47027559
v -229.04865169 79.22994403 -22.43824621
v -226.54174722 73.56836419 -19.62395311
v -226.0826585 69.189336 -19.03366253
v -222.01597565 80.7156899 -30.75246326
v -219.54357964 75.59191235 -28.7634047
v -218.74526772 71.09103267 -28.38546786
v -219.19206834 66.89104183 -28.72487717
v -226.60339504 65.34807478 -19.67227155
v -213.17513952 76.97288661 -37.42085224
v -212.5796378 72.14795539 -36.97941118
v -213.08804855 67.60890862 -37.22310947
v -214.83898982 63.77044615 -38.24424215
v -220.80096143 63.29471572 -29.91912931
v -206.72537555 72.21102143 -44.87536163
v -207.25672282 67.78955266 -45.16660563
v -208.80779399 63.88566829 -46.44418175
v -211.41115628 61.00641741 -48.46281326
v -217.53181778 60.91184191 -39.83802248
v -201.66657934 68.19550288 -51.3415223
v -202.83234693 64.49898493 -52.97489736
v -204.94230052 61.79910121 -55.60561104
v -207.41654352 60.29625188 -58.73742291
v -196.833021 65.81138754 -57.48051229
v -198.36089178 63.31866527 -60.35827899
v -200.46423015 62.03099199 -63.80777691
v -202.55109643 62.119308 -67.12020219
v -210.34653936 59.30173792 -61.14916528
v -192.35248171 64.8388819 -63.57100481
v -193.97786573 63.44565252 -67.0080874
v -195.2423716 63.08427022 -70.29432037
v -195.87349373 62.59755919 -72.84639586
v -204.19442258 62.47997648 -69.5983182
v -185.63032522 64.87986422 -69.25301221
v -185.97156502 64.33114021 -72.28940755
v -186.34384547 63.83666195 -74.98745135
v -186.66606887 62.77731506 -77.50780771
v -196.64594786 61.72117919 -75.0518932
v -176.99499437 64.19342915 -72.07386163
v -176.54161623 63.67866233 -75.22397844
v -176.17351976 62.83486135 -77.95332675
v -176.27088223 61.32527902 -79.84520424
v -186.86117074 60.8785797 -79.25638371
v -168.2899116 61.11912351 -72.5854669
v -167.58178152 60.11207879 -75.06787527
v -168.08898607 58.08750819 -76.85205284
v -162.15601966 51.56411455 -72.75421155
v -163.98057645 49.33241018 -74.31055039
v -169.1711305 55.87156973 -77.72899823
v -176.48119345 58.84570002 -80.63387603
v -161.77691668 53.57178784 -70.44437844
v -154.78140649 46.55781134 -66.23842259
v -155.77602647 43.69994949 -69.12886847
v -161.90107926 55.35524688 -67.90279589
v -154.54406898 49.1237563 -63.26079623
v -146.40293841 44.53365301 -58.9600505
v -146.4508752 41.74219882 -61.93039259
v -162.58063762 57.41430473 -64.67387598
v -155.25808868 51.58971791 -59.51451807
v -147.02867979 47.0247256 -55.04013224
v -137.61134891 45.05907886 -51.11873922
v -137.33664767 42.62466058 -54.97501191
v -157.07341055 53.88419914 -54.39495513
v -148.3322833 49.45740261 -49.45157189
v -138.12719471 47.69973363 -45.95363775
v -126.76469708 44.62732917 -42.17568286
v -126.44005187 44.02557591 -47.12660481
v -149.20013984 51.83381669 -44.90711845
v -138.64909033 49.53506489 -41.8844954
v -127.31819874 47.16247141 -38.746106
v -138.42454036 53.16773879 -38.4897568
v -127.9340644 51.49336374 -35.36158471
v -119.12139478 50.82155141 -31.66234105
v -113.41489128 49.95330027 -25.31955847
v -109.73943932 48.71230988 -17.96891369
v -113.20487218 56.94972689 -13.49777775
v -115.52507103 66.52981031 -10.88678958
v -115.19109666 64.41611563 -4.31013524
v -118.2175032 62.54830312 0.71838169
v -116.7888513 74.19908582 -9.73629554
v -117.46977604 73.15482107 -3.69475312
v -119.71267482 71.74990668 0.81696507
v -122.94330507 70.78480076 3.73004725
v -122.42984339 61.15333042 4.08720493
v -118.65952616 78.99010933 -3.37758537
v -120.52693111 78.5907225 0.77601264
v -119.30297409 82.87148357 -3.42625777
v -121.15940079 83.25465275 0.3441616
v -120.89869327 85.33993119 -4.11408279
v -122.94253236 85.90287038 -0.79245064
v -125.63283485 86.29659375 -2.5561246
v -127.81709186 85.94185023 -0.45462118
v -129.62301861 85.32492444 -5.07281232
v -131.96549435 84.66396314 -3.37508847
v -134.77532312 84.56277478 -9.89215311
v -136.99411686 81.452877 -8.1500127
v -141.20051089 83.80840413 -15.43865688
v -143.36640172 79.70608202 -11.65845098
v -144.42372494 74.04221936 -5.53219022
v -148.27561104 79.10474487 -13.04261388
v -149.38296303 72.5316193 -5.87099231
v -143.36811678 68.14687347 0.58442109
v -139.17853408 63.79374783 4.33394638
v -136.15843178 53.33103789 8.04827013
v -133.11133147 61.13726354 5.84245062
v -130.41512994 70.90873012 6.16404384
v -127.58663343 60.57879339 5.74141893
v -126.55141749 70.51574648 5.61879529
v -128.5202935 52.07829595 7.35302772
v -122.38760776 52.36508622 4.97283604
v -129.10503371 46.29226551 9.54823589
v -122.11742032 45.94209822 7.23431656
v -128.74168663 42.19493411 14.361296
v -121.00516816 40.99920346 11.9047831
v -127.96494485 39.19323452 20.83374678
v -119.14072216 36.87131076 18.99773704
v -111.04006504 35.50562241 15.92863429
v -116.65869543 36.22602939 28.71103421
v -107.1160429 34.28842078 25.73974743
v -112.88628621 37.68897625 39.6703945
v -102.81515111 35.02897438 35.70910521
v -107.43148146 40.69737573 49.73629962
v -97.30553992 36.72485243 44.36701685
v -87.97916361 33.70402158 37.34656766
v -92.82432214 38.77016848 50.05973393
v -82.94672463 36.29227524 42.11105254
v -78.54139341 30.61201529 29.97866158
v -68.18679331 29.79304435 25.63875932
v -61.2232237 31.63683723 25.41316336
v -60.58309281 30.3256202 20.28780739
v -57.65965565 32.89702719 26.07060973
v -56.70726188 31.49045665 20.54532979
v -55.97832967 31.16626906 12.50087614
v -60.10267425 30.07051313 12.21729217
v -54.74466185 31.31932965 2.8483987
v -58.57967065 30.50140236 2.63422595
v -53.20327321 31.70814108 -6.84611411
v -57.13214369 31.05421435 -6.74294095
v -64.04473747 29.41684849 -7.20570715
v -56.63416464 34.32433921 -15.216941
v -61.52944147 33.06918075 -15.63562104
v -72.66828437 28.31893637 -9.77639442
v -79.80080123 29.71421534 -14.26963233
v -85.11999397 32.21842826 -20.71759408
v -91.86284423 33.0182326 -13.37600635
v -99.49012676 36.58531646 -5.80883739
v -89.81057121 34.92183338 -28.11306592
v -95.64841792 35.42233731 -22.25488118
v -101.94343099 39.47402972 -15.53044187
v -82.61529457 37.19104903 -31.73205764
v -84.21420829 39.70701021 -36.36316387
v -74.26194926 43.2528809 -34.09425183
v -74.04146549 44.55849572 -35.7707012
v -84.32829727 41.77872388 -39.0513296
v -73.93448174 41.53750203 -31.67099879
v -67.27620641 45.49489593 -29.16821469
v -67.40461424 47.33891968 -30.58750446
v -61.47584594 48.3957629 -28.93559831
v -60.60723554 48.6953307 -30.49757234
v -66.66897258 47.76280085 -32.39725004
v -59.71498184 48.62271229 -32.20293738
v -65.60483625 46.92289527 -34.3672333
v -72.99767897 44.45259242 -37.63739939
v -64.41682946 46.05747527 -36.35035512
v -71.52562293 43.27432853 -39.74371319
v -82.32727808 42.65818959 -44.07284688
v -83.63278512 43.40500239 -41.48116017
v -93.92319309 42.00054931 -46.93387764
v -81.07457971 40.73975382 -46.13352085
v -93.32333776 40.33675463 -49.71966263
v -104.5762508 40.54065356 -52.46114826
v -104.76171254 41.55698783 -48.69798338
v -116.25701401 40.65329915 -53.7767242
v -115.85202497 41.92105683 -49.96217357
v -127.1825302 40.00786553 -54.81392376
v -126.89262902 42.42189396 -51.61441897
v -137.17336859 39.94983272 -57.87235099
v -127.41671086 36.06868322 -56.6810837
v -137.52778229 36.12721131 -59.9060882
v -147.31489641 38.06771909 -64.27690154
v -127.51244308 30.95705154 -58.77501282
v -116.59653875 32.20848422 -57.26582862
v -116.4060355 26.11358863 -59.0821635
v -127.47388257 24.3537988 -61.05634489
v -116.49256107 37.01430128 -55.75835477
v -104.59370291 37.53289017 -54.50391779
v -104.69899045 33.3283652 -55.96527828
v -91.83698644 34.13765832 -53.39061021
v -90.89640961 29.63683399 -54.4548125
v -104.58590035 27.96509514 -57.29411292
v -92.58106675 37.7218577 -52.02066603
v -79.97690554 38.27890286 -47.55595803
v -78.55348362 35.34037737 -48.92799891
v -66.43271405 37.87840406 -44.77565745
v -64.51744299 34.30857623 -44.57364352
v -76.76813755 31.80293273 -50.05735924
v -68.28436309 40.81845466 -44.07712039
v -69.9413296 42.26250424 -42.04204977
v -63.05017875 45.3902698 -38.38289085
v -57.80612811 47.75175781 -35.34900684
v -58.79895294 48.29466405 -33.77990402
v -53.55277262 45.17464143 -31.05782351
v -53.18046861 44.2071614 -32.67243659
v -54.30508897 45.89538589 -29.66020047
v -50.14695683 40.10526942 -25.4102421
v -49.46936325 38.66541439 -26.90468341
v -55.52630379 46.34159048 -28.27244372
v -51.79509834 41.01923295 -24.02390358
v -48.20457939 36.40125262 -16.19627977
v -46.13442549 35.35819141 -17.83172326
v -56.89823631 46.55512744 -27.07523735
v -53.57583165 41.14156902 -23.05177723
v -50.8975911 36.00434561 -15.55202615
v -50.27215599 31.87083886 -7.01591654
v -47.77143798 31.53986407 -7.23272872
v -53.43659164 35.29633687 -15.31003231
v -48.66891223 30.9170357 3.26878143
v -46.29520737 29.15194992 3.38978395
v -45.68695581 30.51106663 -7.81114759
v -51.42456593 31.52878687 3.01144249
v -52.79818994 31.52761131 12.91902023
v -49.97456533 30.39688754 13.39344434
v -51.07791239 30.21812818 22.26541888
v -48.46042443 28.90133015 23.51684745
v -47.35259184 28.69428178 13.88308133
v -53.7224172 31.51266758 21.17405603
v -54.79935991 32.88251105 27.32187809
v -52.42734656 31.71763043 29.21944731
v -55.375228 34.35908619 34.01761846
v -54.09164918 31.75431981 36.59108976
v -50.44542858 29.83066606 31.12516776
v -56.75144816 35.79385299 31.48629092
v -61.73487609 40.67022356 36.11947735
v -60.76537887 38.07928512 38.55145174
v -59.35247816 35.56108171 29.9120712
v -63.28893918 41.2767449 33.18220666
v -70.10850997 42.75725593 41.67943301
v -68.39500311 42.3889277 44.15256405
v -76.9433278 40.94727785 53.97870514
v -75.48187307 38.93926554 56.10076778
v -67.06400109 39.977316 46.13754935
v -78.66268657 41.54048909 51.37091857
v -88.54162692 39.62997276 58.02358698
v -87.46694582 38.67923519 60.38807104
v -79.87506696 40.62528945 48.31767421
v -89.55325612 39.9265686 55.56590087
v -98.49334882 45.45803634 60.01969659
v -97.43228452 44.99065445 62.60752442
v -80.91459882 38.87513371 45.44930263
v -90.76745994 39.62449367 53.08880729
v -100.30989573 44.74751567 57.64678801
v -109.70919024 50.23888082 61.60508303
v -107.52862719 51.88138832 63.9159857
v -102.66336857 43.4126689 55.1674234
v -116.32991335 53.96128011 67.26754632
v -115.07238079 54.237932 70.13695447
v -106.17449545 51.53926625 66.60604318
v -118.20270848 53.31137599 64.45927712
v -124.48005269 57.44206133 65.67410288
v -122.93629407 57.18754498 68.79497891
v -125.79821534 64.50496878 68.03855867
v -125.96917449 63.97161668 71.60644264
v -122.08116854 56.96617895 71.71890608
v -127.28646077 64.75505142 64.54362117
v -130.33160101 65.19001862 61.73158262
v -133.18665263 73.94677691 61.57863628
v -134.62027066 65.97660312 59.67432934
v -137.14116886 74.28199752 60.74421393
v -142.66454763 75.73351999 60.89309879
v -141.94876576 68.11486693 57.79417926
v -154.55590476 65.60403055 49.84394301
v -163.70701544 70.3700326 46.07774851
v -156.44220361 59.75247045 41.48374689
v -165.50758028 63.74741538 37.13144815
v -174.03000006 67.95394841 32.44645898
v -171.29866813 75.28387586 40.94985059
v -156.88614894 54.94349656 32.94830634
v -166.05507925 58.56313378 29.96654781
v -175.10415346 63.9730773 26.20597672
v -166.24754257 56.77486882 24.22048727
v -175.76682509 62.09276702 22.06625553
v -166.19396117 56.42667926 19.47277131
v -175.90024145 60.80696193 18.36612018
v -165.76427343 57.02978448 15.32929608
v -174.89798853 61.20208233 14.97553848
v -183.78531967 69.89387105 13.17839433
v -191.53127095 80.45640061 8.95445983
v -173.47407659 62.96016888 12.40910763
v -182.14171081 70.19386468 10.98494362
v -189.05169431 79.58820483 6.88100893
v -191.91804458 88.48785706 1.77127841
v -194.59752901 89.81142874 4.00574266
v -179.98724113 71.4582716 9.50058122
v -186.11811758 79.75765152 5.82955648
v -188.42865745 87.75214472 0.62754646
v -187.91037099 94.21441825 -4.5163417
v -191.54576413 95.51064796 -3.56519653
v -182.85436411 80.81336334 5.85046757
v -177.34710877 73.70329771 8.88499826
v -174.58995675 76.77249116 9.15037565
v -179.69242095 82.42391966 6.47859189
v -177.55576147 89.931511 5.21495179
v -187.31809208 100.04102757 -10.78267644
v -190.56066177 101.44707276 -9.98502416
v -193.02095815 103.60874191 -8.31570181
v -194.39664118 97.47277211 -1.79046768
v -194.60663201 106.37385669 -6.05969039
v -196.32457257 100.22576371 0.61613838
v -195.56033563 110.22534229 -3.21621011
v -196.9331351 104.40978661 3.91359015
v -193.75223207 110.62000801 -12.02536127
v -194.63780458 113.91117412 -9.83545905
v -195.35126829 120.39854213 -6.50576247
v -195.72032594 116.69675651 -15.9576548
v -196.55900766 122.9347345 -13.10708989
v -197.63014557 131.31590709 -9.7320291
v -195.29925118 129.7087479 -3.38716631
v -196.64447781 140.19775382 -7.58810184
v -194.46288761 138.92762218 -1.96146481
v -194.10289527 149.52116176 -6.69705611
v -192.52099077 148.75193042 -1.69007044
v -192.52945297 148.69599318 4.734588
v -192.82097497 160.23728079 -0.47451466
v -192.33442649 160.05508897 4.27877332
v -192.36968882 160.10177244 8.82435109
v -193.98766605 149.39114724 10.68765215
v -194.58957567 160.77725047 12.63943295
v -196.71577518 151.17562636 16.06682477
v -198.19718865 162.60170361 16.4209652
v -200.24626713 154.47861883 21.23634228
v -202.16479397 146.65181486 26.89934741
v -203.02586567 136.97788507 32.27418292
v -205.12132608 138.87564276 36.31125277
v -204.02025949 126.89843854 40.35922548
v -202.66496867 125.61528378 36.9807917
v -208.28029145 139.67794077 39.01418967
v -205.81667804 127.27951102 42.93520811
v -202.89152582 116.88224652 45.73554281
v -201.48369018 117.39670708 43.52427365
v -211.87522055 139.36836356 40.54700537
v -208.52228411 126.66111046 44.21119167
v -205.13340687 115.36581573 47.0377658
v -200.15847883 109.27328777 49.12727534
v -198.35970443 111.21502913 47.62110192
v -211.55141402 125.60943186 44.56119994
v -207.67457478 113.39981386 47.80851902
v -202.50567569 106.67946666 50.54093464
v -196.43541048 106.79852648 52.11915459
v -194.21629634 108.50858908 57.05372695
v -193.84115118 112.48723391 60.30297312
v -193.1009062 115.85124754 62.70380791
v -192.05745421 117.73475706 65.15703204
v -191.23053288 118.58168896 67.32347885
v -188.30790613 117.61771385 66.96998864
v -185.35350371 115.6484609 66.28904033
v -182.94090853 111.9925342 68.75645138
v -182.96625745 112.69898691 65.62433795
v -179.9915005 107.70659733 69.97278959
v -184.30643314 110.69601707 72.23878038
v -174.9095793 103.01781525 73.82589601
v -169.66495384 102.00331663 77.23551414
v -168.87970274 101.62960854 72.45759621
v -164.43989133 105.15529927 78.13493432
v -163.52516286 102.90803276 74.45246193
v -161.46914876 99.74757378 70.96200054
v -169.07224145 99.69441643 67.8954268
v -167.90749158 96.07741305 63.69253356
v -167.49989226 90.51009302 57.5529923
v -175.98378923 95.73482099 51.72189273
v -184.48035123 99.04348162 46.77889114
v -168.55612237 83.16808948 49.45139285
v -191.78223468 102.30212762 40.78049813
v -191.75479376 106.79317399 45.19881478
v -197.03094989 106.05392789 35.31279982
v -197.32051182 110.28334797 40.8115482
v -197.13015934 111.90630076 43.36945206
v -200.61095233 115.31223434 37.15456844
v -200.96033394 116.79353944 40.64849528
v -197.41095752 112.28640262 45.71321409
v -201.01531 110.36899245 30.59467802
v -163.64589533 105.3576383 82.07033992
v -161.76027497 103.1015515 85.0017587
v -158.9621312 98.29901967 86.6684737
v -160.44071765 89.50172902 90.65543467
v -155.58380815 91.18875144 87.62924487
v -152.618795 91.25127563 83.89742219
v -151.04597465 83.00288332 87.40351698
v -149.0430802 84.39819998 83.35397528
v -147.5145969 85.54564379 80.19556588
v -150.8901212 91.39042141 80.58899242
v -147.04040248 86.11071267 77.24034363
v -149.73546378 91.74212589 77.56256232
v -147.92375107 85.98163107 74.16601443
v -150.12788202 91.73110994 74.46835448
v -149.62273177 85.60718324 71.0411476
v -152.05795251 91.92351201 71.31444947
v -145.08542597 82.70605124 73.09578588
v -147.0540287 82.36065101 70.0376979
v -145.20918335 76.56965033 85.97927522
v -148.94412518 72.7819705 90.78530784
v -143.26834193 66.59452308 90.3171067
v -139.39276543 70.96313371 84.8798106
v -155.09236894 80.20045191 91.57674068
v -159.98500251 76.78275087 94.26867341
v -154.23467082 68.39241639 94.06506222
v -165.3807226 87.19884566 93.3724242
v -170.25723275 83.83897361 95.1722069
v -164.96320988 73.16501482 95.86726674
v -171.08264634 69.29051494 94.12755815
v -168.08027886 58.98487407 94.44120626
v -160.54077521 63.87207034 95.44785991
v -175.08442088 79.96961184 93.56511368
v -181.29556577 75.70268666 90.25386633
v -178.89416557 64.85277433 90.99122776
v -179.82610116 88.82457834 91.3035566
v -184.91275291 84.77768461 88.38364379
v -191.3831918 80.77828477 84.08390165
v -189.29408275 71.25399607 85.90285153
v -185.19711313 95.21712349 86.6480061
v -189.05900686 92.19769968 84.90137132
v -193.60833691 89.3567643 80.81489935
v -198.69487557 87.29382401 74.58405015
v -198.16624223 77.28849715 78.07020506
v -192.41341335 99.34874764 80.02196819
v -195.62439583 97.5987063 76.76114539
v -194.33235482 106.33155981 77.19619033
v -196.47834344 104.76302239 74.407126
v -195.60176085 112.41881539 75.42124298
v -197.40443653 111.18914308 73.21297987
v -191.73053796 108.23603166 78.73215109
v -192.90930983 113.68623309 76.39153176
v -188.75306708 109.66931987 78.19673291
v -190.03491199 114.26633227 75.85091187
v -191.0407458 117.90074066 73.37305971
v -192.41765387 119.65044746 70.25343699
v -186.23163174 110.09792392 75.54500036
v -189.4518303 101.43291883 81.70699285
v -204.41788886 75.30798325 71.90725609
v -203.93348891 63.8264682 73.53687122
v -197.17380848 67.13338787 80.2264746
v -203.75116516 86.78487613 69.10572462
v -208.44599235 86.84822016 63.78288031
v -210.64122761 74.06102844 66.38178534
v -211.65384627 61.48975251 68.57321356
v -219.25631701 45.45762701 65.75341484
v -211.08075337 47.78777872 70.3031548
v -202.99618199 51.06594939 75.08078061
v -209.49981006 32.98100138 73.13445005
v -201.46701078 36.87893192 77.71686091
v -193.25957724 41.90382395 82.57325683
v -195.43311986 55.30658331 81.07663401
v -185.47849556 47.41046795 87.31882897
v -187.60452545 59.87100727 86.60260421
v -176.77156579 53.33312282 91.68231092
v -182.19751613 35.13511768 89.56599654
v -173.49499651 42.56254601 93.33794402
v -164.49731747 49.4536468 95.82287314
v -167.63673874 32.59271 93.99937177
v -158.94673338 40.28056284 96.76149934
v -150.76420586 47.4527242 97.83305188
v -156.23646273 55.57316631 96.31542432
v -143.48900945 53.71414228 95.10194611
v -148.90792993 61.32199968 94.38985821
v -137.85413314 59.53134353 90.53996045
v -136.53990004 45.58715387 94.34271299
v -131.59696441 52.09165596 89.70842166
v -128.79018882 57.15706621 84.86612784
v -134.13782136 64.5504814 85.06975788
v -127.05370303 60.73480704 79.6124465
v -122.67553002 51.186835 82.12485424
v -121.66372178 54.61581583 78.15206605
v -121.61933761 56.21035828 74.8461429
v -126.35473249 62.71562955 75.36857094
v -114.09417636 50.77983407 75.68492828
v -114.05101723 53.1937815 73.07096467
v -105.66025163 47.06821454 71.99737197
v -105.62088071 49.79862946 69.15403363
v -96.6114507 41.53935372 67.7957556
v -96.95664833 43.50824947 65.2446413
v -86.73168581 37.36770491 62.81628078
v -96.63107962 38.9077993 70.99469028
v -86.14891509 35.29522932 65.37784092
v -74.80931629 36.18191821 57.79388242
v -85.97571318 31.56663415 67.86783982
v -74.40754535 33.06612993 59.4279925
v -64.20117046 33.38837924 50.80933163
v -65.63002026 36.8833671 48.31938926
v -57.78346015 31.22350849 44.69903586
v -59.34441174 34.85733499 41.38340192
v -52.57727741 28.22040305 39.16531493
v -56.09631523 27.40442699 47.67800977
v -50.97354363 24.70789682 41.1177754
v -47.27293593 23.63087165 34.65686826
v -48.80511319 26.7867273 32.9813683
v -44.65657878 23.70956873 26.01123059
v -46.3220499 26.62883722 24.83783241
v -43.03431861 24.21327367 14.92987391
v -44.79460789 26.95010061 14.44500397
v -42.04521132 24.6620426 3.21042739
v -43.98789502 27.24050005 3.3664908
v -42.11766305 26.64524688 -10.01669146
v -43.68133329 28.68345077 -8.87702313
v -45.07561338 30.80044657 -21.35649757
v -45.43024853 33.04727137 -19.73431161
v -49.22050565 37.06482832 -28.93759371
v -41.10550143 21.39220869 3.01739071
v -41.98801134 21.10217323 15.38979189
v -42.38097142 17.20461785 15.68804807
v -40.75524816 17.61175778 2.69454478
v -43.005026 12.23897892 16.30708706
v -41.53145751 12.6140699 2.19178453
v -43.89416056 3.68300716 16.05186396
v -42.82657055 4.19121766 2.17737426
v -45.28779514 4.04209486 -12.18619498
v -44.4536979 -6.40696764 4.45513236
v -46.62903097 -7.32626175 -7.77496295
v -50.18316149 -10.57359968 -17.69505701
v -48.565924 1.90186864 -23.44677512
v -55.35975479 -12.57346922 -23.95895051
v -51.70642424 -0.23988181 -29.96507776
v -62.0240658 -12.60493863 -29.43028388
v -58.23440706 -0.25634919 -33.80767004
v -56.10189859 12.1172617 -36.74475698
v -69.88074663 0.71826021 -38.16080275
v -70.39217757 12.02064133 -41.75547976
v -72.62956366 21.22435808 -45.93742481
v -57.99836998 21.85987151 -40.22085713
v -74.99210179 27.12006206 -49.12131505
v -61.97234081 29.39047242 -43.38085436
v -86.95541593 17.74761008 -52.95471245
v -89.35157672 24.47538527 -55.07865506
v -100.41705853 12.17838417 -55.63304253
v -103.39138199 20.76621052 -57.36998064
v -113.27721555 6.96702328 -58.02968391
v -115.57652274 17.15015301 -58.83773961
v -126.16458733 3.12350044 -60.76029495
v -127.28688482 14.49467702 -61.27667788
v -138.84439951 0.69653694 -64.27529014
v -124.53949543 -7.30536067 -59.25260907
v -138.09825548 -11.26144119 -62.15481062
v -150.59706319 -1.0745633 -68.50750426
v -162.42978799 -3.08209406 -71.87370411
v -175.09020684 -4.39940861 -72.90354873
v -176.58852587 9.2664459 -74.7523095
v -178.52659682 20.82773348 -75.03024296
v -187.78573724 -5.95581813 -72.54071522
v -189.94054616 7.832458 -74.22774706
v -192.44641406 19.67680184 -74.35690876
v -193.96248675 30.30123954 -74.76493684
v -180.82705366 31.75663502 -75.41328021
v -201.19712489 6.52307794 -72.01219968
v -204.08209577 19.46786172 -72.60553872
v -204.93291482 31.23629604 -73.52057817
v -210.49050991 6.84891286 -65.36249492
v -212.30458789 20.14129252 -67.36046094
v -211.82080989 33.74050659 -68.98581669
v -220.44355109 10.01709195 -58.53622411
v -221.19864734 22.55801044 -61.53687182
v -221.31387655 35.16133002 -62.79290135
v -221.65818838 43.68583149 -63.31536708
v -211.90490423 44.07760922 -69.88901565
v -230.44943863 26.0849003 -56.81919762
v -230.82413147 38.09909662 -58.33239147
v -231.67819216 45.88110827 -59.6187549
v -231.96869643 50.69414953 -60.28010255
v -221.87475673 48.39675235 -62.95304244
v -239.44185942 40.62668411 -54.47039408
v -240.24831315 47.39115177 -54.98454838
v -240.67477809 51.99616639 -54.81937991
v -239.67275133 55.58452031 -53.46873011
v -231.58320439 54.48480597 -59.40602186
v -248.09411467 48.62123635 -49.59167414
v -247.481387 52.86910684 -48.85137733
v -246.43906582 56.42732712 -47.91695397
v -245.1812694 59.13513002 -46.62609558
v -238.85529108 58.89973845 -52.34652686
v -253.4135807 56.10070417 -44.78520805
v -251.9106819 59.2289116 -44.26564473
v -250.31848706 61.38086288 -42.59649849
v -248.88805414 62.22110417 -39.94666946
v -243.61704318 60.57707126 -44.31279466
v -256.183982 62.44169631 -41.06628599
v -254.95767855 64.27110615 -39.71361017
v -253.9128696 64.82882478 -37.17728352
v -253.81239741 62.90150828 -34.27218899
v -248.12417529 61.6121647 -36.6640857
v -253.91139955 60.03075258 -31.075106
v -248.11697582 59.813044 -33.30594284
v -253.26766892 56.02530881 -26.39754247
v -247.07785859 57.57930476 -28.49397584
v -250.91008749 53.68179414 -19.9160947
v -243.98966288 55.84112747 -22.87648568
v -236.1491573 57.66307634 -29.2130394
v -240.78499406 55.77761853 -18.82117333
v -232.8533266 57.82951226 -26.03015982
v -226.35910308 58.85552744 -34.04189311
v -230.13988027 59.3820841 -23.29978201
v -223.30217417 60.61398504 -31.78844485
v -228.06988186 62.08138121 -21.17096515
v -238.56388216 57.55497945 -15.50688104
v -236.80104858 59.98790678 -12.58823685
v -246.50489762 54.34520198 -10.37245271
v -245.83896549 56.55144141 -6.58606565
v -253.25179993 50.34485391 -8.07986852
v -252.78117699 52.46394936 -3.99516815
v -259.17310019 45.87691899 -6.75193204
v -259.04957839 47.40555719 -1.92646634
v -260.396407 46.55250774 -12.48874588
v -254.84961112 49.97565255 -12.73716058
v -256.60980615 51.38602662 -19.31309079
v -261.25016615 49.36888694 -20.12052808
v -248.36737414 53.43088696 -14.62961172
v -260.80291321 53.68800416 -26.51738914
v -263.6696781 52.61335132 -27.64747978
v -264.45140485 47.89078757 -21.60724927
v -257.42536287 54.72692114 -26.06353747
v -257.7433646 59.08225303 -30.17148535
v -260.62371802 57.91557372 -30.27022834
v -263.00921153 56.83227375 -31.24872961
v -264.09116749 55.42701188 -33.09847277
v -264.89077984 50.76131239 -29.99002148
v -263.4870151 53.83738727 -35.61255786
v -264.51324113 48.65633907 -32.95180477
v -266.23619493 42.68822783 -27.9306338
v -266.11482167 45.54333864 -24.33490608
v -263.26827937 46.20747443 -36.19309523
v -265.13350752 39.39762329 -32.05410907
v -267.76504575 32.74880963 -27.04658317
v -262.7512745 35.41854116 -36.3511302
v -263.96870111 28.27066506 -31.34191751
v -265.99184643 21.5511106 -26.7461066
v -270.2855199 26.62552961 -22.38764497
v -268.44822268 14.96620226 -22.67388044
v -272.76905436 20.48769752 -18.43832102
v -272.28035735 8.49839249 -19.65430114
v -275.70225416 14.10982812 -15.31876544
v -277.76597659 18.64557435 -9.3283829
v -280.72028478 8.8332079 -13.87357902
v -282.68034992 12.82915407 -8.24965622
v -284.26724882 15.4669989 -1.19583461
v -279.32888353 22.12574304 -1.43737178
v -285.98434127 16.74494959 6.44248087
v -289.77369375 9.68948544 -1.55520538
v -290.8998831 10.36684343 4.50894846
v -291.60405535 9.63579096 10.59913236
v -286.73730783 16.00742561 13.90287752
v -291.01008022 6.79063155 16.65974919
v -285.75646485 13.63323545 21.12252186
v -281.1983522 21.63216 23.12828809
v -282.82931487 9.97623213 27.22814363
v -277.43617678 18.24345473 29.25483921
v -274.1982434 27.76626279 29.65869744
v -277.47392688 30.66219837 23.62035632
v -274.01335649 37.97387626 29.48102648
v -276.49208502 39.51824161 23.67927842
v -268.1443372 23.90871206 36.58369711
v -268.03651477 35.2978879 36.27803061
v -259.08919433 19.23980155 44.98073398
v -258.90050036 31.99768534 44.5884995
v -260.91033985 44.4521398 43.98181222
v -248.01352584 29.44113845 51.85139838
v -249.27405504 42.54388004 51.52015208
v -250.98947013 54.2532191 51.20814835
v -237.7927473 42.53346543 56.26415523
v -237.00585654 28.2774393 57.70837929
v -227.00336141 28.51368958 63.05297749
v -227.80314338 43.74613706 61.16335219
v -218.02222984 30.02633922 68.22484967
v -226.34592918 12.55258935 65.39478417
v -215.98828532 13.86509797 71.33054462
v -206.6334598 17.0955374 76.58015034
v -213.4137963 -1.73518536 73.55241039
v -202.44740144 2.26063359 80.02118605
v -192.71590417 7.97863834 84.71508032
v -198.15022247 21.92937019 81.08740495
v -184.117023 15.49866856 88.74186454
v -190.17081612 28.01213199 85.30131884
v -175.82323351 24.06245231 91.48636094
v -176.32531173 4.37310322 90.59259008
v -167.43196847 14.01759433 92.47418666
v -159.47593213 23.29034095 94.44098953
v -158.46246537 4.79659037 92.17925339
v -149.90671505 14.70937011 93.07290175
v -142.17582235 22.96828246 93.77879848
v -151.61574108 31.38965229 96.29204489
v -134.81606986 30.47328944 93.337454
v -143.39786642 38.54534097 97.76102891
v -128.57655114 38.30206967 90.48084752
v -119.87176049 33.53310602 85.23874753
v -116.3501171 41.94423262 82.18392947
v -124.84808319 45.69243492 86.06015618
v -114.91411495 47.30218554 78.77496627
v -107.12469357 38.88416897 78.79904303
v -105.77519814 43.92778086 75.19675427
v -97.67955428 34.44884339 74.0981142
v -110.48814651 30.65323673 81.12599373
v -99.42206161 27.98294658 76.16167172
v -86.15420161 26.69082546 70.14519994
v -87.19705993 20.04241995 70.37389148
v -73.86747672 22.33000091 62.34181309
v -73.77460921 28.41209954 61.34138359
v -64.33172682 23.24942106 54.26515735
v -63.66801861 29.13124791 53.51051814
v -56.59264519 22.34917987 48.18704717
v -65.59923404 15.47438919 53.71177348
v -57.56066294 16.10298585 47.56000066
v -50.72516191 15.74922708 41.77407682
v -50.60789725 20.87166062 41.89145457
v -46.54836675 15.9453184 36.26971682
v -46.3143934 20.27836515 35.60657872
v -44.75263139 16.74391066 27.87340791
v -44.21742524 20.7403068 26.79957727
v -47.10781928 9.30376017 35.80501412
v -45.40726017 10.95701858 28.35524705
v -47.12634567 0.22639694 31.5881295
v -45.77769364 1.89231332 26.13804115
v -47.07538398 -10.35047736 27.05023709
v -46.03019337 -8.86847964 22.51246955
v -45.03218097 -7.10916098 15.3194557
v -46.87893456 -21.91287337 19.30660749
v -46.4259522 -20.75258548 14.51903884
v -46.21865646 -19.60113673 7.43916751
v -49.35660297 -36.10875825 12.72937214
v -49.64690463 -34.45736096 7.70888555
v -51.10302572 -33.23070885 1.29178761
v -48.08611795 -19.4520587 -1.9964063
v -53.62954027 -33.12088866 -5.7578916
v -51.29665283 -21.49311317 -10.78152207
v -59.3449206 -34.04886642 -13.53951631
v -57.35087943 -23.44372194 -18.09630025
v -67.31002696 -33.74974917 -20.71118853
v -65.12312197 -23.5139262 -24.60154326
v -76.534527 -32.89419487 -26.76158687
v -74.39245379 -22.6885079 -30.35929587
v -71.79992839 -11.32057768 -34.54675595
v -84.43975713 -22.57994573 -35.49260282
v -83.26093815 -12.0770309 -39.45285319
v -83.34598424 -0.99694755 -43.23531952
v -95.23522111 -14.78705654 -44.22891707
v -96.18161218 -5.50048463 -47.97776781
v -97.72152605 3.53222821 -52.29022681
v -84.91629797 8.91566963 -47.35489115
v -109.22348986 -10.99754858 -52.60662656
v -110.86018195 -2.40520253 -56.24389494
v -122.88766938 -16.2220551 -55.89600694
v -108.04737539 -19.21667655 -48.31093177
v -121.09731007 -24.33110374 -51.26587604
v -133.82940322 -29.76619476 -52.42834073
v -136.45148037 -21.28449816 -57.79544199
v -119.26883314 -32.36563692 -46.62796613
v -130.57210477 -37.74747637 -47.20643035
v -141.09692899 -43.62442073 -45.82244532
v -126.9707772 -45.44519874 -42.20138516
v -135.6846143 -50.87248719 -40.55995782
v -143.53594736 -56.96899654 -37.41107312
v -150.04372172 -50.2000058 -42.85489255
v -151.80782747 -64.35736786 -33.07180693
v -159.06004023 -58.96823472 -38.6119876
v -160.19625607 -72.50117468 -27.28603858
v -168.04944553 -69.39981449 -33.55803501
v -176.26637785 -64.65989638 -36.24720905
v -175.19092403 -78.09602043 -24.75660985
v -183.65910278 -74.70429732 -26.43708537
v -191.87066377 -70.24039031 -26.40702475
v -184.24568997 -59.39828055 -36.42499309
v -199.65738064 -64.8744387 -25.94764155
v -192.10394922 -54.41940411 -35.85741288
v -207.30231318 -58.95008527 -25.3766218
v -200.7308367 -49.52309542 -34.89593025
v -194.51524397 -39.36873294 -43.6429424
v -189.80045804 -28.95380901 -53.00169276
v -210.45950696 -44.25536381 -33.01414285
v -205.4141485 -35.34248586 -41.18377211
v -201.19863263 -26.01902138 -49.89024012
v -198.34300619 -17.11618405 -59.90897646
v -187.29436398 -18.35422904 -63.30903927
v -216.3714969 -30.50657639 -37.86434996
v -212.25283464 -21.90117894 -45.69216224
v -209.44321318 -12.8949576 -53.6532024
v -208.72886367 -4.1307619 -60.90142906
v -199.00051381 -6.31651723 -68.42613328
v -223.65240389 -16.98128351 -41.40173983
v -220.89170867 -8.75043284 -48.25089535
v -219.89750332 -0.14620389 -54.06391143
v -231.81149544 -3.80896255 -43.58439488
v -230.37131873 4.48391522 -49.00598689
v -230.25976464 14.47115152 -53.55701314
v -240.70640299 10.28501071 -44.85066763
v -239.79201375 19.28112547 -49.62028827
v -239.46792452 29.93908216 -53.1279709
v -248.99674352 24.72640435 -45.08902757
v -249.14401226 34.21913412 -49.3341753
v -248.75360121 43.10904138 -50.57624879
v -257.08073065 39.5393662 -44.04043513
v -255.98083256 47.24439483 -44.94799241
v -254.77290472 52.5422436 -45.02480246
v -259.90861464 50.79753826 -40.88527209
v -258.79032209 56.030282 -41.54358541
v -257.53105562 59.797314 -41.68494098
v -262.21201158 52.54348042 -38.18054239
v -261.3859195 43.43077359 -39.69880131
v -257.2466954 30.76831635 -40.10032254
v -249.83250399 16.24174292 -40.34547675
v -258.34996707 23.01461374 -35.38830474
v -251.68666907 8.79632946 -35.41704843
v -260.08172231 15.83631569 -30.81769668
v -254.35957598 1.29535805 -30.19099412
v -262.45628469 8.67486667 -26.24940206
v -242.23638461 2.22206837 -39.55966967
v -244.99167079 -5.38721077 -33.69950837
v -234.7566064 -11.43215062 -37.3705761
v -238.38529007 -19.51497396 -30.70037312
v -227.46405211 -25.07615937 -34.27634706
v -231.48050829 -33.14807514 -27.25235703
v -242.12036383 -28.09321791 -23.93462167
v -235.02579496 -41.27517899 -20.28241014
v -245.26689032 -36.26685446 -17.62367837
v -238.17313187 -48.54929171 -12.5969688
v -247.99984308 -43.53574662 -10.80200617
v -258.17661438 -38.7625828 -8.9317954
v -250.55328025 -49.37590207 -3.61208084
v -260.10190721 -44.16731165 -2.37191337
v -270.03924902 -39.38788127 -1.62388113
v -268.24920068 -34.50258852 -7.36812929
v -280.5934271 -33.3493776 -1.61453387
v -278.77541014 -29.35926451 -6.09110798
v -290.87692772 -26.09345202 -2.03331109
v -281.98488488 -35.37194809 3.33671495
v -291.95692361 -27.62926672 1.61906769
v -300.3233486 -21.36528488 -0.98969257
v -299.06813419 -20.02836968 -3.5912949
v -292.72353525 -28.06826948 4.86477891
v -301.4381168 -22.02397043 1.29895602
v -293.18993652 -27.6777265 8.23545694
v -302.18429852 -21.97172244 3.51258692
v -307.50515921 -17.49318561 0.16329371
v -302.22029587 -20.88226075 5.31982705
v -307.90699141 -16.56905259 1.60791717
v -309.46107806 -12.14784767 -1.11182773
v -309.15551521 -13.39959428 -2.37101962
v -308.67164298 -10.38728512 -4.74284466
v -309.32208305 -8.84539705 -2.97097728
v -307.38045006 -5.88387526 -4.34460807
v -306.47578577 -8.00895339 -6.81647755
v -309.73720224 -11.06353116 0.18257222
v -309.72419796 -7.89034117 -1.2448581
v -308.34964574 -4.55498407 -2.33636304
v -304.18409268 -0.38830021 -2.73163023
v -302.78660392 -2.55992517 -5.45210436
v -309.96342014 -7.28772951 0.3953531
v -308.72177541 -4.1212961 -0.12634561
v -305.17351095 0.43597078 -0.17883415
v -297.77611201 5.5351203 1.82911285
v -296.98769466 5.12351605 -2.31530751
v -298.0413616 4.5847078 5.84929142
v -297.58730497 2.02728925 9.95146511
v -297.34508615 -1.26482155 14.03753423
v -289.88151618 3.02536997 22.28464024
v -295.80443726 -5.56572276 16.78649496
v -293.8713984 -10.24363968 18.29462963
v -293.19657058 -15.48624853 18.3151632
v -293.49485857 -20.38067725 17.1230537
v -283.03960724 -23.61705107 26.30548066
v -302.10859101 -17.14722941 8.92335322
v -302.0881234 -19.24651571 7.1113531
v -293.24572299 -23.88837874 14.32980067
v -308.2907307 -13.77543677 4.1979168
v -308.0440075 -15.29259786 2.9468054
v -309.892217 -10.07738752 1.51979567
v -293.21833861 -26.31017586 11.20977039
v -282.94701301 -32.16221891 17.78448145
v -283.02255091 -28.66877973 22.39699061
v -272.40478379 -38.35588812 23.70830011
v -271.7362885 -33.70434257 29.55333922
v -270.96675562 -27.04399881 34.61271733
v -259.22131026 -38.25216016 34.83618831
v -257.46341452 -30.53852168 40.80407545
v -246.20585576 -42.87010662 39.01758209
v -249.50481502 -49.09785552 31.16117454
v -239.10342779 -54.58750797 33.24523971
v -233.97906363 -48.79827653 42.02944599
v -260.80231011 -43.69664159 27.91588149
v -262.03490838 -47.39436102 20.92276955
v -251.63026066 -52.77890498 22.64886134
v -272.9979862 -41.79600977 17.72569128
v -272.55427646 -42.88232875 11.36374505
v -262.09836549 -48.4892176 13.15890558
v -283.01772613 -34.54219032 13.11980204
v -282.79686072 -35.63651919 8.26134063
v -271.38809424 -42.05252387 4.89614731
v -261.51368183 -47.56496207 5.24878765
v -252.1893127 -53.10062894 4.6002028
v -252.45748354 -54.12307619 13.62721862
v -243.26643653 -58.33802666 4.06101644
v -243.70183485 -59.4520033 13.79086286
v -242.417276 -58.27769811 23.74231619
v -235.91813346 -64.77118662 13.61571502
v -234.49179029 -63.79950317 23.81184667
v -230.41411977 -60.31789977 33.40533369
v -227.38781688 -70.01338084 22.72757256
v -222.91543824 -66.8286048 31.70882899
v -216.24708931 -61.89686417 40.22787755
v -224.46132654 -55.27909057 42.35290856
v -208.32094396 -55.7312531 48.52586988
v -209.31426351 -69.21804672 36.66696925
v -200.73300408 -62.72923222 44.51766387
v -191.20409085 -56.47445703 52.83412604
v -199.19834846 -49.73441495 57.01927975
v -179.65623513 -51.05857088 61.3582703
v -187.38575202 -44.44119306 66.57185983
v -166.67677799 -47.10246209 68.49039609
v -174.07493079 -40.79343644 75.58798044
v -182.14327509 -32.12969879 79.58138701
v -161.52184435 -32.50532926 79.75549357
v -169.61966502 -24.12495295 84.31059072
v -178.17768637 -15.08954265 86.77776618
v -189.86368899 -22.62334987 80.62289778
v -186.17086972 -4.31580901 87.16412518
v -197.08999685 -11.24634964 81.54007634
v -167.91195827 -5.58079076 90.67061576
v -159.16177515 -14.26818112 87.60755222
v -149.38670412 -3.69719172 89.29416943
v -151.0736323 -22.50276346 82.39936701
v -141.48536113 -11.843001 83.07633393
v -144.38460845 -30.92811761 74.65910274
v -135.06495102 -20.94179773 74.93362966
v -125.30918851 -12.86518911 74.06055256
v -130.46399022 -30.1183657 65.24217237
v -120.96786096 -23.02207235 64.7339925
v -110.5825783 -17.16552021 63.37943671
v -114.28278551 -5.97912217 72.17656716
v -99.68330625 -12.1626848 60.13440751
v -101.54163648 -1.49296183 68.28286948
v -88.8269766 -8.11517855 55.81154509
v -89.08700562 2.44060385 62.65592766
v -88.16443688 12.18853316 68.54152741
v -77.5786716 4.68300083 56.42877243
v -75.29785782 14.47044006 60.98586735
v -67.05613727 5.60181435 50.28360541
v -77.62295683 -5.66194029 50.56863469
v -65.70265104 -3.55176054 44.02256838
v -56.04192813 -1.80620945 38.59840614
v -57.29469717 7.07100567 44.38748916
v -50.20529704 -1.03767544 35.41318013
v -50.28405773 8.18226131 40.44941674
v -55.28786375 -11.63651097 33.16599843
v -50.30204698 -11.13637867 30.24454489
v -55.95272632 -22.94704332 28.34887919
v -51.69006994 -23.13450753 25.68494335
v -48.13885596 -22.93679067 23.32209896
v -56.2085054 -36.30402503 22.6102278
v -53.13622579 -36.8113191 19.81295805
v -50.89935799 -36.77131681 16.62299326
v -62.46990994 -48.06704972 18.19365565
v -60.2912033 -48.75358139 14.96198293
v -58.15010541 -49.30731864 11.22933453
v -68.77733832 -58.61626167 16.29025335
v -67.3288596 -58.85933802 12.52413542
v -66.00988654 -59.02614145 7.71829599
v -56.70615934 -48.95373419 6.55687611
v -65.5396311 -58.67901203 1.78994954
v -56.67456272 -47.74942494 1.26751546
v -66.28138383 -57.77710878 -4.00832585
v -58.26789779 -46.47633436 -4.69494291
v -68.72411501 -56.3684062 -9.92117598
v -62.87463041 -45.06364567 -11.16540743
v -73.94385801 -54.17629007 -15.40485989
v -69.925013 -43.66784371 -17.63425141
v -81.59842597 -52.65818193 -20.77420509
v -78.76475131 -42.63684002 -23.54598457
v -89.99482676 -52.27104079 -25.43249544
v -88.12385034 -42.57824538 -28.49744365
v -86.28887128 -32.77722704 -31.88574607
v -97.52575513 -43.64322039 -32.67389015
v -96.5074259 -34.05399275 -36.28668834
v -95.53180347 -24.33726664 -40.16019876
v -106.99889131 -36.81710977 -39.85063098
v -107.3160732 -27.6395712 -44.13054158
v -117.381771 -40.67776433 -41.93943847
v -106.75089595 -45.92000567 -36.03836788
v -115.45052259 -49.24719741 -37.9005028
v -123.269769 -53.01273698 -37.69814727
v -113.66151082 -58.21140456 -34.177981
v -119.69438402 -60.87318245 -33.85514979
v -124.96147484 -63.71222373 -32.61598577
v -130.26599537 -57.28655537 -36.11902503
v -130.0800813 -66.64296402 -29.43280229
v -136.9141217 -62.04752533 -32.84172308
v -135.53956948 -69.89541885 -24.24180063
v -143.91110194 -67.3484367 -27.5667708
v -139.84399504 -73.76372991 -17.93942672
v -149.70284001 -73.61815738 -21.18100813
v -142.8208534 -77.88060173 -11.27915128
v -153.3784239 -78.96600665 -14.4985783
v -165.79944152 -79.92223574 -19.97042525
v -155.41809784 -84.04466737 -7.65121323
v -168.63149064 -87.23464512 -11.38532697
v -179.09543034 -87.58616584 -15.29356612
v -168.18420001 -93.3161807 -2.5127879
v -179.72856907 -95.26104591 -4.59768882
v -190.21680226 -93.03296071 -4.22142551
v -188.13272531 -85.00320519 -16.03958882
v -199.79021275 -87.89994588 -2.37319127
v -196.75650307 -79.85303037 -14.54633958
v -209.00170851 -81.16231619 -2.54781199
v -204.76393459 -73.83940916 -13.87956287
v -217.04545777 -73.37035991 -3.80886095
v -212.37780764 -67.12382077 -14.26552137
v -224.6166994 -66.20304248 -4.71225074
v -220.3220082 -60.36591194 -14.48423472
v -215.67944313 -52.79511321 -24.30271342
v -228.88438316 -54.12803289 -13.93443409
v -224.99410617 -46.71831759 -22.57612219
v -220.81705658 -38.65341282 -30.32452356
v -232.44095905 -59.88582791 -4.96194437
v -241.10052685 -54.47322109 -4.56136224
v -235.24049748 -63.69668456 3.88303422
v -227.87042638 -69.70899592 3.70460145
v -228.7328362 -70.62753145 13.04037818
v -220.87050605 -76.9812805 3.73611091
v -221.66124156 -77.40895164 12.0579344
v -220.29386996 -76.83941136 20.80624933
v -213.56080118 -85.6895955 11.63738145
v -212.68932607 -84.80207235 18.48813188
v -208.94081456 -82.18655388 25.35841582
v -216.10200679 -74.2329582 28.88128424
v -202.88739837 -77.35586968 33.04319045
v -200.20627427 -90.08491908 22.53443311
v -195.76702827 -85.72875911 29.61410831
v -187.83526658 -78.47407742 36.40920655
v -194.11608801 -70.34261525 40.26622133
v -178.19118067 -70.7940239 42.49774136
v -184.36001454 -63.43603359 47.59640793
v -166.99543935 -64.53383969 47.50867145
v -172.94118388 -57.75469054 54.56020841
v -154.772426 -58.7497063 50.45777793
v -160.25760234 -53.1184203 59.68802152
v -144.10401758 -52.26533964 52.14360828
v -148.70600553 -46.90503264 62.79079522
v -154.52458141 -40.18361118 72.75403251
v -139.44830689 -38.48447028 64.45469264
v -135.07325302 -45.16015061 53.5434576
v -126.48909119 -37.99795007 54.60479989
v -130.30840062 -51.71876417 43.43700363
v -122.07622126 -44.89039665 44.57439739
v -113.42808403 -38.38666492 44.99072277
v -117.21937772 -31.57979686 54.59350596
v -104.17825391 -32.82576221 44.51072826
v -107.63638365 -26.18119321 53.7789811
v -94.85045467 -28.07731123 43.03672629
v -97.51520093 -21.54477219 51.90057434
v -84.91565718 -24.34766535 40.71708814
v -86.92783367 -17.1538729 48.13810208
v -74.33239381 -23.10229367 37.10561157
v -75.94718594 -14.44683918 43.39196925
v -63.68677115 -23.0995279 32.68885214
v -64.33617937 -12.88822459 37.81907057
v -73.95863389 -33.10593374 32.85700546
v -65.43269918 -34.00367656 29.06035693
v -59.65363086 -35.42209466 25.10644614
v -70.82742511 -45.84925486 27.64586131
v -67.23232168 -46.89722065 24.46368142
v -64.88751837 -47.34886489 21.54731415
v -74.28947027 -58.5601925 24.84398824
v -71.13321412 -58.95421271 22.60718875
v -69.72775789 -58.63607906 19.78232496
v -78.06118687 -69.35104845 20.20571081
v -75.51642393 -69.59730048 18.19132454
v -74.02846121 -69.02681786 15.66417745
v -80.45803557 -79.01269013 14.67897732
v -78.05962259 -79.04407002 12.35408446
v -76.71608745 -78.53273802 9.7489806
v -72.76336637 -68.49432093 12.34059487
v -76.18588983 -77.93198748 6.57152477
v -71.71677169 -68.18505469 8.48134322
v -76.02449543 -77.23080245 2.6682865
v -71.17312689 -67.99294946 3.18667426
v -76.57370474 -76.35222209 -2.05531426
v -71.96753281 -67.51834984 -2.63519479
v -78.40761425 -75.19927031 -7.17802299
v -74.33100857 -66.14443841 -8.32148954
v -81.52220959 -73.9796292 -12.01561277
v -78.49863478 -64.28991524 -13.2982304
v -86.08982101 -73.05157605 -16.79907519
v -84.49069056 -62.97189393 -18.2091053
v -91.68340403 -73.17271373 -21.81563812
v -91.46377308 -62.82830032 -23.11211755
v -98.36665134 -74.94663865 -25.5704468
v -98.89726359 -63.94666825 -27.80272777
v -98.51020727 -53.48067426 -29.5680138
v -106.13991161 -66.07367818 -30.57227391
v -106.36862671 -55.70427393 -33.17812633
v -111.9582896 -68.05599194 -31.17979987
v -104.86144027 -77.24475849 -27.42897963
v -109.65780449 -78.95400126 -28.2711645
v -113.40408265 -80.28006071 -28.76563098
v -116.44970349 -69.79641671 -31.07052388
v -116.97332358 -80.92667489 -28.1333215
v -120.26334947 -71.26615459 -30.39229422
v -120.08820634 -80.85211703 -26.21528468
v -124.01241695 -72.50644235 -27.59518703
v -123.13745518 -80.80128727 -22.79715959
v -127.84913139 -73.94257643 -22.9534842
v -127.22191997 -81.17137207 -16.47344288
v -131.92925199 -76.07557021 -16.67086997
v -130.67789175 -82.82009782 -9.16938027
v -135.27434817 -79.01152163 -9.63195505
v -132.71931844 -84.82341633 -3.74496477
v -137.49920115 -81.73073508 -4.00128776
v -144.72024133 -81.50175612 -5.23607726
v -138.62354352 -84.07005398 1.29801485
v -145.62685627 -84.48908387 0.71350243
v -155.82447212 -88.41063709 -0.77317737
v -146.28206459 -86.43440141 6.82348679
v -155.38338207 -90.89906229 5.72685331
v -166.63695474 -96.99093533 3.95169481
v -155.92129745 -91.33199168 11.89777446
v -166.16256243 -98.16688018 8.98567599
v -178.57356299 -101.96931233 8.01720474
v -178.95509721 -99.70920644 3.23613822
v -190.57771811 -98.43126282 11.10630039
v -190.44616758 -96.93070102 5.27101389
v -202.69014797 -93.85928837 11.88469361
v -201.65176577 -92.3111196 6.39630331
v -212.31504786 -85.02982626 5.19500895
v -190.54999449 -98.53749269 15.46168529
v -202.36963963 -93.091414 17.29851015
v -178.38002541 -101.73021265 12.16417016
v -167.09706118 -97.14355656 13.58952506
v -157.26225528 -90.8170788 18.06732922
v -160.34007585 -88.25897705 24.22061685
v -147.76149914 -85.36597744 20.09653142
v -151.02815502 -81.71730675 26.91425757
v -155.48273287 -76.98647279 33.6785319
v -165.20821802 -83.78661725 30.51016434
v -161.24421243 -70.87924904 40.87966046
v -171.81224289 -77.86389406 37.51409669
v -180.28070434 -86.21150054 31.8847307
v -143.33483337 -70.93087037 34.32008808
v -149.23291439 -64.62107201 42.0111599
v -132.95020092 -64.81281916 34.2978159
v -138.91325622 -58.31089672 42.42005022
v -124.41534227 -58.57083151 35.55161444
v -116.99364984 -64.8539711 30.23831132
v -108.76167778 -58.16440069 31.99142703
v -116.27769835 -51.56515348 37.04251726
v -146.91032201 -86.65887598 13.15781482
v -138.36818849 -85.33872499 6.59649087
v -133.36047648 -87.05088901 0.61467989
v -132.1279159 -88.48736233 4.83054373
v -129.65577432 -93.64838347 -1.56707605
v -126.77485549 -94.58473863 1.8613139
v -123.31032727 -94.43837453 6.12018385
v -120.14076058 -101.52326558 -1.592733
v -118.66893071 -93.26067693 12.03588955
v -111.90320989 -90.8016904 17.05384479
v -104.04693897 -101.33110381 13.18634414
v -101.74435245 -109.16161117 4.73639258
v -97.96542224 -109.3632246 6.16867838
v -101.02770363 -101.14238157 14.14465108
v -95.13820731 -108.88985002 7.13619963
v -97.68870439 -100.50324956 14.12737212
v -97.49805978 -89.82911173 21.02847878
v -94.42140772 -99.27543837 13.19816107
v -93.50390877 -88.62283299 18.6265179
v -88.67794568 -77.96888948 21.52508202
v -93.6436011 -77.74174808 24.78710865
v -81.78015605 -68.3835961 22.77450576
v -85.8728663 -67.33007993 25.49631064
v -77.89037379 -57.44875076 26.43070102
v -82.04729031 -56.3288845 28.27753942
v -87.64370035 -55.25999878 30.54922429
v -75.80309759 -44.66641209 30.0665771
v -82.53219912 -44.10014173 32.09761922
v -82.43539263 -33.1830312 35.33552433
v -84.35182748 -78.35410824 17.94346582
v -88.88022817 -87.79308464 15.30361498
v -84.43001335 -87.88512289 11.78829705
v -90.70376724 -97.91207171 11.24027273
v -86.98310185 -97.06904581 8.50503127
v -83.92821782 -97.00066027 5.50864941
v -81.34814073 -88.07756736 8.87963988
v -82.54319622 -96.68104715 2.35504786
v -79.8397104 -87.8743708 6.39084128
v -82.11217035 -96.07245634 -0.91385364
v -79.56967374 -87.0477416 3.27912419
v -81.97482444 -95.62211253 -4.21682071
v -79.69396825 -86.17435353 -0.10483563
v -82.04836458 -95.20263974 -7.25221452
v -80.12833942 -85.3682579 -3.86609862
v -82.60975362 -94.88703156 -10.18379172
v -81.07995105 -84.58185714 -7.99995758
v -84.21166398 -94.82640147 -12.63568598
v -83.18012315 -83.83561888 -11.98833088
v -86.62563497 -95.03606248 -14.77968863
v -86.59539531 -83.33456781 -15.6621844
v -90.82420759 -83.75016758 -19.16233775
v -96.21683682 -85.56940016 -21.9118792
v -101.97355756 -88.05904098 -23.33566628
v -101.14830417 -100.86474965 -19.23861774
v -106.79225521 -89.88658499 -23.43348107
v -104.00454314 -102.41135413 -18.81107146
v -110.3568033 -91.10627321 -23.05159347
v -93.58903967 -108.04247052 -16.20036128
v -95.67878951 -109.9423202 -16.14979537
v -97.41557685 -111.22628537 -15.50580324
v -92.17517307 -112.24893051 -15.21364517
v -93.67024102 -114.03380541 -14.36165291
v -94.47113495 -114.85698565 -12.33740741
v -99.49786336 -111.5339779 -13.84779662
v -94.81705818 -115.07393094 -9.53113008
v -98.59265251 -112.99554571 -10.34822635
v -94.94379335 -115.56496495 -5.98637877
v -98.65652424 -114.08217567 -6.77142197
v -105.50287159 -110.67666614 -8.57847717
v -98.13366744 -114.14412504 -2.98593956
v -103.96627475 -112.01601258 -4.40189462
v -113.43982557 -107.0842154 -6.38918394
v -115.95247831 -105.21028004 -10.25884903
v -122.8734966 -100.70413739 -5.42261739
v -124.85060866 -99.32147163 -8.55723626
v -129.64250618 -91.14446622 -5.09583425
v -110.37560296 -108.07194688 -1.8615514
v -102.41576899 -111.35349171 -0.30631011
v -97.34307328 -112.25793927 0.87162331
v -94.4962954 -114.55996982 -2.02841902
v -94.05964377 -112.19991003 1.74878537
v -92.02172258 -114.6023845 -1.62555967
v -91.51053194 -112.04845731 2.38220092
v -92.46052274 -107.89206379 7.39194043
v -89.6877279 -111.20096472 2.05982497
v -90.07315398 -106.46790684 6.36303757
v -90.13280403 -113.69079401 -1.99143236
v -90.78547746 -114.8994286 -5.59789127
v -89.2958468 -113.03773423 -5.95742305
v -92.54181833 -115.84553697 -5.53139453
v -92.68580773 -115.84568774 -9.12367271
v -90.90467392 -115.32820227 -8.93579033
v -89.45254835 -113.49854743 -8.99841642
v -87.20977208 -110.30938951 -11.01834953
v -87.1333955 -110.20898329 -8.81188806
v -86.87401669 -109.92860916 -6.03235019
v -83.79888179 -104.59813662 -7.49071817
v -83.84457581 -104.39494948 -4.5603719
v -84.02439294 -104.8321194 -9.99898491
v -87.50094541 -110.33301395 -12.80528109
v -84.67533246 -104.99157258 -12.22688165
v -88.58619956 -110.07327705 -14.28988555
v -86.06401035 -105.18979359 -13.98266889
v -90.38173231 -109.56966281 -15.26608987
v -88.25403448 -105.38780729 -15.16333486
v -288.66759506 7.59120743 -7.74781888
v -295.52273443 2.46908369 -6.65957693
v -287.07613525 3.8947154 -12.60680093
v -294.19264176 -0.79684186 -10.66603607
v -301.75308419 -5.23241745 -8.53462483
v -292.65762806 -4.19747008 -13.50071903
v -300.93494546 -7.63356322 -11.35849269
v -306.10195988 -10.13316456 -8.8337786
v -299.553288 -10.54060368 -11.7560985
v -304.6838716 -13.02962727 -9.24061933
v -290.42944862 -8.30533314 -13.15432817
v -284.46052255 -0.9488223 -15.12841767
v -277.4825964 2.94228865 -17.22741303
v -225.57262694 -3.16788932 66.33407943
v -238.74222925 -1.84967012 59.32620575
v -240.12938996 -15.54390083 57.33992002
v -237.09884655 13.07129985 59.28179331
v -248.38804906 15.46696592 52.56319415
v -237.89693231 61.15529284 -50.41328539
v -230.07770474 59.5204124 -55.17393967
v -230.79689787 57.43427172 -57.45701978
v -221.43274319 56.47288803 -58.85174277
v -221.66806409 54.30745306 -60.78145046
v -221.82895905 51.83034299 -62.05002724
v -213.57073344 55.63234991 -67.29012947
v -213.70722182 52.98426303 -68.44990378
v -213.07334806 49.5791964 -69.08803692
v -205.93952135 56.32987631 -74.20083857
v -205.57176413 53.4474038 -74.84171862
v -205.05338344 49.47975548 -75.4836164
v -197.34976202 57.52752794 -77.33583084
v -197.24282539 54.57676413 -77.99131243
v -196.39100747 50.6860466 -78.27584227
v -195.19981557 45.80901934 -77.27617607
v -204.86237132 46.45300204 -75.25518871
v -182.78221864 41.09049557 -75.9719883
v -194.7258002 39.36702425 -75.6313516
v -204.47018867 40.9181305 -74.47527596
v -172.62661227 44.05828067 -75.39915926
v -167.06739635 47.0202224 -74.91852867
v -186.80777781 58.42528372 -79.95895398
v -197.2093912 60.00118669 -76.71337823
v -206.21564553 59.35719221 -73.58253696
v -205.61827798 61.58565435 -71.90610173
v -212.80751422 57.70215043 -65.63049143
v -211.45003719 58.89837913 -63.62838854
v -215.55450783 138.35640454 41.17517327
v -219.13982506 136.67737316 40.97547278
v -221.65061197 149.31938813 38.39458528
v -225.24224288 147.89380825 38.99631821
v -228.37009222 146.74907367 38.54338296
v -222.97838649 134.78136823 39.78254698
v -231.31639052 145.93865269 36.40353367
v -226.94128012 133.68847171 37.78978268
v -234.89978539 145.12803383 32.77064009
v -232.22648269 133.37057364 34.48050481
v -231.66562136 121.8824151 35.44035483
v -231.54470042 110.030231 37.47173619
v -238.20929884 122.40024924 30.55230339
v -237.8723938 110.79359156 32.66022388
v -239.17757102 100.40537352 34.51578598
v -233.88253043 98.59955985 40.87241859
v -242.10136627 121.67980279 23.84819269
v -241.33083451 110.57612799 26.06577081
v -242.14160415 100.76975717 27.38490408
v -244.85567243 109.56615731 18.22292706
v -245.58268697 100.37078968 19.87731509
v -246.97482324 107.76370308 9.40790748
v -247.24150518 98.67821218 11.6678885
v -247.95361193 105.42489304 0.86625257
v -247.45803584 117.45911819 7.75778352
v -248.45282544 115.45116809 -0.76773279
v -248.89725136 113.97242144 -7.92232828
v -247.78318049 102.96689596 -6.2616095
v -246.15366903 112.94759008 -13.87330927
v -244.30576107 101.44605032 -12.51773458
v -241.0455131 112.70825953 -20.33128691
v -239.01352865 100.96330418 -19.42015228
v -247.87969485 123.88380181 -15.52698467
v -243.66265239 123.76150506 -21.92355007
v -239.90682834 125.15699605 -26.79370414
v -247.27049153 132.88583446 -22.40568605
v -245.72179506 134.40739157 -25.4605795
v -244.9327746 136.24008074 -27.79670152
v -237.46509603 127.43717375 -30.04704006
v -244.3038764 138.2416088 -29.79184758
v -235.57393472 130.16523577 -31.63690261
v -242.79317503 141.01539311 -30.6779266
v -233.59907485 132.72358253 -32.58689812
v -226.81146349 124.08878882 -35.24294188
v -221.47083254 115.55060841 -39.91065326
v -231.38222233 135.18587667 -32.56987948
v -224.27596846 127.23578648 -35.51847709
v -218.97395455 118.66797894 -40.42133504
v -214.91684587 112.76637828 -44.15778932
v -216.91479304 110.17074788 -44.26017445
v -221.61695162 130.09897991 -34.40284429
v -216.08545932 121.07227683 -40.06631824
v -212.68876066 114.67165584 -43.54616418
v -210.42303844 112.63240124 -46.92377576
v -212.1684576 111.06534329 -48.29884627
v -210.31082471 116.03700612 -42.3123126
v -208.57000416 113.53034666 -45.04813006
v -207.17860292 113.76292535 -47.90587677
v -208.98591491 113.28371298 -50.25901978
v -207.78524308 116.9188611 -40.36201951
v -206.36849291 114.15798213 -42.58570399
v -205.04467623 113.5513137 -45.03955949
v -203.66234028 113.94860383 -47.10004028
v -205.32311856 114.5150014 -50.11162854
v -203.82619419 114.66788177 -39.36032021
v -202.39971909 113.40115669 -41.41790566
v -200.94731082 113.18625157 -43.51681975
v -198.86557086 113.66564769 -45.16043331
v -199.98840549 114.768533 -48.97667544
v -198.97516489 113.18315598 -36.71971668
v -197.1631789 112.51186665 -38.42150555
v -195.54838677 112.61545327 -39.79481152
v -192.62570348 113.76216205 -40.72677067
v -193.85315658 114.85879023 -45.61155927
v -193.54357937 112.04070186 -32.38446486
v -191.37259991 111.91755228 -33.65912914
v -189.29783326 112.48723391 -34.57542662
v -185.03825362 113.85359249 -34.66699841
v -185.45704792 114.89547078 -39.64470163
v -188.32714869 110.61681819 -27.88831571
v -185.91359232 110.79590972 -28.61862845
v -182.70947007 111.32671986 -28.88597709
v -174.5197148 111.18243362 -27.79881707
v -174.60803081 114.3217795 -31.0212207
v -183.2846738 108.6570169 -23.39890194
v -180.15143428 108.84019347 -23.94786624
v -174.160024 108.55609239 -24.29984871
v -166.25447818 105.40301664 -24.11482751
v -165.78834077 106.85983506 -27.0987487
v -176.8572998 106.16438887 -17.51810459
v -172.28343125 106.336917 -17.98631515
v -165.92209636 103.53986635 -18.78588274
v -170.37834216 101.09893975 -10.01353816
v -165.0991894 98.46369341 -11.34945566
v -180.74819873 105.22999377 -17.39233649
v -186.0044338 108.55046663 -22.66171249
v -184.20692214 105.01250664 -17.21259004
v -188.84394625 108.76077314 -21.83699623
v -187.55199947 105.36979919 -16.7894492
v -191.49785561 109.47310604 -20.79444418
v -190.50306601 106.14336999 -15.79325198
v -193.60903424 110.99270309 -19.40442582
v -192.57570297 107.98602441 -14.04952078
v -194.92631109 113.38160787 -17.74797524
v -195.02009267 113.28308632 -24.54741295
v -196.45195795 115.5558384 -23.17311516
v -197.52136196 118.92710804 -21.53715574
v -198.92574863 116.92065154 -28.39332697
v -200.22242596 120.57646516 -26.30471972
v -201.05658445 127.38013397 -22.28939199
v -198.74071094 125.30130585 -18.63797438
v -200.72320375 134.73147137 -17.87851746
v -199.16474465 133.09551431 -14.59272857
v -199.42726145 142.2081964 -14.98952986
v -197.87283556 141.26366174 -11.72049929
v -196.77957153 150.61413366 -13.99415601
v -195.0889965 150.02464407 -10.58254483
v -196.83682805 161.34423701 -12.21211048
v -194.75047063 161.25495039 -9.23677164
v -193.73199063 160.64529474 -5.04130168
v -197.95683566 171.8435898 -6.72627509
v -195.91584244 171.60596017 -2.95647262
v -194.71824264 171.88227282 0.49410044
v -197.44682294 183.30986723 1.26048606
v -193.76387938 172.28822304 3.64609486
v -197.74277393 183.49040996 3.04692921
v -193.8550978 172.91801647 6.75847776
v -198.64651474 183.72870865 5.0797067
v -195.07586029 173.28830859 9.38963258
v -200.11852366 183.98621221 6.99291934
v -197.51602832 173.86815805 11.93974153
v -201.39646728 175.19815648 14.54470226
v -206.8701942 177.82678288 16.13819282
v -212.72583228 180.68497249 15.95350851
v -217.19033297 187.99737244 8.02568403
v -218.33563295 182.39097361 14.91062546
v -219.83172806 176.78024003 22.46312632
v -223.38036946 172.71450894 28.32505686
v -222.83720526 181.77683243 13.29805371
v -223.79618597 176.75780293 20.54455001
v -226.38100303 174.19906982 25.85083978
v -227.4084918 175.67824994 18.47384602
v -229.11627394 173.3297715 23.3360173
v -231.55962707 172.26131926 26.94323921
v -233.44975181 169.62588917 30.19871659
v -235.05726908 170.44122916 24.26494683
v -236.43176476 167.90573412 27.49093135
v -236.54169803 163.48070801 30.20387354
v -233.8577846 164.76409836 33.12471455
v -240.85105202 167.43879572 20.60361817
v -241.25145187 164.36105996 23.39057402
v -240.54514994 160.54498275 25.990485
v -238.58352051 154.93219486 29.11209369
v -234.89522447 156.46636989 33.25329671
v -232.44340913 157.65962551 36.07178558
v -229.65067439 158.78793513 37.40750636
v -226.1107779 159.50598803 36.13173483
v -248.61547315 159.1550704 14.72270185
v -250.40171444 150.11329932 5.51832252
v -251.62383391 147.76695057 7.25282763
v -253.49090904 142.46903584 -1.78242187
v -252.84423831 145.51166004 -2.22616901
v -254.7973113 144.92547806 -10.15728726
v -254.48878951 141.74763763 -10.29739776
v -248.33079254 151.76601117 4.07331191
v -250.91804083 147.74592699 -3.0436805
v -253.08977417 147.06012093 -10.49827852
v -248.21358441 148.62378174 -4.12681144
v -250.30263692 147.3144865 -11.23359272
v -253.63640618 146.88490241 -16.24847475
v -254.93932179 145.27333308 -16.29534198
v -254.34020149 142.62555835 -16.5253316
v -252.84523719 146.73322352 -20.49717156
v -254.58841359 145.16773457 -20.84066355
v -249.23393025 144.82678689 -24.84239333
v -250.62340912 143.12390491 -24.78415913
v -240.81548815 142.67510654 -29.33713367
v -239.25689712 143.81349918 -26.95710573
v -229.48369192 137.36297191 -30.68874465
v -238.08415622 144.18769258 -23.50627676
v -242.70084466 146.02737391 -13.75314809
v -236.36728993 144.57074396 -17.94361424
v -239.69649827 147.59174148 -7.50611304
v -232.72258649 145.68593622 -11.7408597
v -236.03896017 151.10774026 -2.75905554
v -228.49370825 148.53012267 -7.84303811
v -220.93658286 146.75772434 -12.77821711
v -225.52530267 152.23624776 -5.90050224
v -218.1207985 151.44236484 -11.17386374
v -210.69198199 151.53023795 -14.54033688
v -212.88333482 145.39752394 -16.11700197
v -204.86182476 151.36062635 -15.15131297
v -206.82219146 144.00820526 -16.57997901
v -200.37399176 151.31457425 -15.31867709
v -202.66800301 143.09450394 -16.3482767
v -204.14374359 136.01724584 -19.18153202
v -204.70895853 128.93344791 -24.11523979
v -203.6994119 121.88199105 -30.16996818
v -202.16162771 117.3059881 -33.33807424
v -205.18286082 117.26716373 -37.3911238
v -200.68015771 114.87643553 -35.00900151
v -197.43809688 114.58448948 -29.8147158
v -195.60110121 112.97630786 -31.11010212
v -193.06387227 111.80155506 -25.77554453
v -190.80910003 110.93954103 -26.88973791
v -204.50876803 159.40182187 -14.18703985
v -200.4018473 160.59529423 -13.90398241
v -208.113799 168.36727292 -14.38727275
v -204.21475826 170.50724 -12.47367434
v -200.71157529 171.72144382 -9.97676573
v -208.52188833 178.96674923 -12.29669483
v -204.42604951 180.71814283 -9.11790736
v -211.36228658 185.50266184 -12.81209302
v -207.23742372 187.36195325 -8.73666232
v -212.78282494 189.35602741 -12.59335964
v -208.53417643 190.83104239 -7.8418437
v -209.40078908 193.33156723 -6.75151093
v -205.57493039 192.42158814 -2.92331024
v -213.87437391 191.78353982 -12.13355003
v -215.6056203 193.39856753 -10.81949244
v -210.34895174 195.05200498 -5.44892514
v -218.42334587 186.77025858 -16.58494867
v -219.45875028 189.80016121 -15.89887287
v -220.53173517 191.62542475 -13.81920488
v -222.12014181 192.82472077 -11.04919582
v -217.45073893 194.35782153 -8.54172772
v -224.67983611 188.91772669 -16.47303885
v -225.15270183 191.07351564 -14.66949739
v -226.06128625 191.88531243 -12.30426653
v -227.49441427 191.61433342 -9.60851437
v -223.66435275 192.72019652 -8.14262771
v -224.84412349 191.45107319 -5.37485435
v -219.90773712 193.07802149 -3.14514037
v -218.74747279 194.31720672 -5.94563969
v -228.69894969 189.99914551 -6.50676429
v -229.71154949 187.13118385 -2.47703526
v -225.87632395 189.14058044 -1.61124908
v -232.57872902 185.00098882 -3.11928112
v -232.5624454 180.01113414 2.34551743
v -230.12233392 183.10005545 3.37512999
v -234.03402084 182.37933573 -4.53457566
v -233.27886805 176.52351861 0.17457139
v -233.57753298 180.07736172 -6.89751694
v -232.40162582 173.39647968 -2.89887215
v -231.39577316 167.31124071 1.30640049
v -233.43795373 162.14685541 4.01262351
v -229.8809632 171.05303333 -6.5678685
v -228.13279241 164.57776024 -2.79800624
v -229.77932252 159.36966927 -1.31891107
v -232.49433313 154.58724225 -0.61621116
v -237.65944403 157.95312642 4.18467017
v -223.79580904 162.75597393 -7.87790878
v -223.93231627 157.10040385 -6.09296321
v -218.3549509 163.2674567 -12.09816756
v -217.36223445 156.85414239 -11.32462267
v -212.89726259 165.54006742 -14.08718136
v -210.25867567 158.01356804 -13.84832787
v -222.24927995 171.44027813 -13.64841182
v -217.78649432 173.55855257 -14.99372916
v -213.19038656 176.12352397 -14.83580374
v -221.58971803 180.14053613 -16.34451441
v -216.60404733 182.58876115 -15.91701407
v -223.68449995 185.24086122 -16.67427299
v -226.00478361 178.33547633 -15.42692829
v -226.34206559 170.19198049 -10.8386231
v -229.29560105 177.85151928 -12.60456052
v -231.77538501 178.51819586 -9.58875176
v -241.85042139 152.83284259 0.75891493
v -245.64000003 152.75313956 2.66718956
v -244.95341183 148.66249303 -5.24310063
v -247.15132334 146.74969561 -12.07371504
v -226.63328603 180.14928103 11.6653807
v -226.57242978 185.45833421 4.07361817
v -222.30819498 187.2627061 5.49695675
v -221.09438695 191.0423148 0.13116347
v -215.91564983 192.33853038 3.41282384
v -214.67698289 194.55877532 0.43375997
v -207.79543919 194.81810702 2.32529998
v -213.2823777 195.79607587 -1.70238371
v -206.79774718 194.50381811 0.47202383
v -211.76138599 195.87586371 -3.66978938
v -206.06818832 193.84517968 -1.12568144
v -202.22779876 191.1915813 2.94805017
v -201.63397441 191.1514565 0.9340194
v -201.96217224 190.35744165 -0.87201372
v -203.52006594 190.70224349 4.34165325
v -252.55296132 138.96385512 -17.14302068
v -253.67749216 138.467299 -10.61814287
v -252.51788747 133.28249322 -10.38490336
v -250.08097994 132.20403334 -17.34871327
v -250.74955062 124.86503115 -8.77216023
v -158.95489404 100.16605711 -25.45808466
v -164.39251053 109.53488108 -27.4103755
v -162.62688762 111.88926798 -28.36409326
v -174.02018089 116.07884126 -33.71787927
v -161.61862257 112.74155707 -30.60499192
v -173.25703707 116.59195427 -36.12816101
v -184.42763678 115.62233455 -42.79870559
v -172.61630308 116.30265149 -38.82225641
v -183.48444967 115.58563987 -44.89234729
v -193.09304709 115.68175845 -48.66239124
v -182.54476805 114.97880181 -47.41954503
v -192.13721378 115.64869648 -51.11492275
v -200.06976704 115.25875189 -52.01667051
v -191.54719648 114.49864239 -53.36657114
v -199.92014245 114.55849977 -54.61027488
v -206.18901503 114.14949166 -52.97758773
v -199.69115407 112.73644017 -56.37240171
v -206.37642741 112.50029473 -55.39390044
v -210.3287103 111.79268765 -52.4185781
v -206.29761017 109.90520617 -57.16260009
v -211.04076051 109.2594024 -54.17121558
v -213.50003916 108.56227414 -49.31115396
v -211.10048595 105.27167343 -55.35896322
v -214.31176999 104.85003326 -49.94782175
v -210.31725146 99.66432755 -55.86757657
v -214.55240568 99.41534745 -50.19665579
v -212.67833839 91.50180588 -49.25712024
v -207.99943673 92.07945498 -55.1055023
v -204.50803301 82.92530055 -53.08813823
v -209.2564039 82.59537824 -46.90349192
v -205.28438842 100.63659525 -58.91647204
v -203.34185079 93.15596893 -59.2763089
v -199.21171083 84.12157637 -56.96028462
v -196.8134392 77.82344887 -54.45729085
v -202.20082902 76.95418119 -51.07631041
v -201.44471504 72.39751032 -50.67779524
v -207.2492218 77.01202195 -45.37135705
v -196.18484254 73.25862206 -54.58888378
v -196.16501572 69.24965748 -55.53584968
v -190.64158984 74.42385959 -57.14457315
v -190.67215932 70.56868473 -58.36368655
v -191.17497257 67.33658443 -60.50424259
v -184.71035733 75.35737595 -57.88223612
v -184.85161395 71.54125869 -59.55598569
v -185.09439817 68.61652817 -61.9118662
v -185.32538431 66.48276403 -65.04349432
v -178.59776226 71.2406549 -57.80061072
v -178.60939072 68.27040941 -60.36862116
v -178.16206239 66.5444519 -63.77563843
v -171.88962777 64.94590098 -60.27145659
v -170.81854641 63.18241247 -64.8845076
v -177.53012985 64.85031011 -68.32003533
v -172.62485952 66.86001532 -56.7235879
v -165.97326537 64.34130098 -52.07455368
v -165.4032822 61.8240567 -55.51862843
v -172.48107743 70.12734968 -54.26936961
v -165.86009046 67.4969988 -49.61653305
v -158.55419265 62.64934778 -43.6204205
v -158.88514211 59.01770398 -46.33087962
v -171.5672536 74.3283606 -52.61401921
v -164.57091415 71.75627689 -48.02294355
v -169.83704379 79.9520325 -51.61095587
v -162.2280709 77.32049192 -47.08338443
v -167.00787822 87.23822601 -51.47435441
v -159.0645823 84.18026524 -46.74075468
v -164.42098801 94.54441594 -50.67832766
v -156.30573407 90.33348455 -46.28758385
v -148.93968676 84.99964786 -40.90369482
v -155.14655343 95.07784579 -43.75063761
v -147.57784669 88.1674665 -39.13589746
v -154.45701571 98.25968173 -40.79662155
v -146.57933485 90.62161884 -37.50453666
v -153.49624454 100.82055396 -38.01825041
v -145.69987812 92.76680648 -35.72591889
v -138.95820579 85.26619787 -31.11470073
v -129.3057048 81.06618819 -25.70188189
v -145.50503069 94.04926862 -33.80608456
v -139.16829085 86.64666327 -30.11972738
v -130.06882978 83.67801739 -24.63009848
v -121.92674744 81.12439647 -17.69846357
v -121.08892325 78.86099475 -18.03108686
v -139.93175507 87.51295552 -28.28414757
v -131.80444861 85.18657493 -22.95225681
v -123.65622223 83.03188852 -16.47065709
v -120.09368133 83.71291221 -9.42010723
v -118.27617323 82.09666416 -9.63148919
v -133.9960653 85.96449935 -20.99319054
v -141.36102892 87.67279978 -26.08687921
v -136.03540942 85.98862794 -18.88008483
v -138.43860006 85.93596061 -17.01303326
v -145.51307826 94.46657874 -31.23430004
v -146.21949328 94.48265976 -28.51427383
v -153.09722994 103.03674213 -32.40807045
v -153.00491841 103.80752832 -30.32308178
v -161.53972995 111.16134408 -35.78573621
v -161.499624 112.25114029 -33.23667856
v -171.91955646 115.23316267 -41.62678453
v -161.52676336 109.90663382 -38.6373483
v -171.3211335 113.5753669 -44.66236474
v -181.94647701 113.75763883 -49.82530825
v -171.17829375 110.86697621 -46.91870598
v -181.8974 111.3346732 -51.52835514
v -191.32018701 112.27386951 -54.9373796
v -181.90279018 108.4860766 -53.20152046
v -191.42667132 109.50809509 -56.16032361
v -199.53056066 110.09140765 -57.84277097
v -191.70109929 106.35084006 -57.55421263
v -199.4846499 106.69481265 -59.075553
v -206.01274109 106.04464585 -58.41873328
v -182.20426327 105.0244555 -55.14157033
v -171.70434508 103.69136619 -52.18141964
v -171.30019472 107.68340637 -49.29896009
v -162.45116024 104.42299349 -44.73056653
v -163.02344272 100.42000805 -47.98046761
v -161.73013897 107.67795965 -41.80167322
v -153.13295401 102.03551635 -35.15511117
v -117.23711254 78.84174983 -9.45518109
v -178.15640836 75.3631949 -56.19684867
v -149.25561534 55.14393089 -41.58838421
v -158.27565608 56.30662292 -49.93595299
v -148.80019232 59.50999602 -39.16314991
v -138.30497639 58.45544563 -35.0666703
v -164.24030393 59.57620947 -59.91024862
v -169.38125325 61.99104859 -69.45583654
v -215.30493877 82.15914124 -38.95498251
v -155.95966949 93.51918879 -22.06942886
v -156.45256934 87.80411001 -18.23662749
v -156.64823661 84.87856672 -8.23276715
v -156.31971838 81.75469405 -10.91822012
v -154.92463259 79.63159012 -12.94973577
v -152.15241257 78.90762404 -13.56751791
v -158.2851737 81.34806534 -0.10425349
v -157.03159896 88.56618899 -6.09319408
v -158.53212307 85.87137269 1.84574175
v -162.11913651 85.24892008 6.7513101
v -161.76199003 79.73404593 6.21595258
v -245.0876386 119.63876246 16.0451604
v -238.50538176 88.76101758 42.58946392
v -164.68717994 59.77652129 12.1491587
v -158.01652228 53.84412264 14.86527421
v -157.86945143 52.35272273 19.93057374
v -148.53378365 47.87156267 20.629794
v -149.07564743 49.61681987 14.93898868
v -137.79295649 42.90266443 21.31707717
v -138.10359854 45.06864125 15.3308957
v -137.69056193 48.31674011 10.78713723
v -147.94133512 47.40446819 27.31025905
v -136.7798007 42.86954269 29.03392903
v -126.34162456 38.98143359 29.73539441
v -146.77111026 50.40254037 36.03104355
v -157.43397772 52.34222154 25.86084977
v -208.48440208 43.69697671 -72.35138047
v -208.4922235 39.74743576 -71.76531628
g Group36828
f 1 85 86 87
f 1 87 88 89
f 1 90 91 92
f 1 92 93 85
f 1 89 94 90
f 2 95 96 97
f 2 97 98 99
f 2 100 101 102
f 2 102 103 95
f 2 99 104 100
f 3 105 106 107
f 3 107 108 109
f 3 110 111 105
f 3 112 113 110
f 3 109 114 112
f 4 115 116 117
f 4 117 118 119
f 4 120 121 115
f 5 122 33 123
f 5 123 124 125
f 5 126 127 122
f 5 128 129 126
f 5 125 130 128
f 6 131 132 133
f 6 134 135 131
f 6 136 137 134
f 7 138 139 140
f 7 140 141 142
f 7 142 143 144
f 7 144 145 146
f 7 146 147 138
f 8 148 39 149
f 8 149 150 151
f 8 152 153 148
f 9 154 155 156
f 9 156 157 158
f 9 159 160 154
f 9 158 161 162
f 9 162 163 159
f 10 164 165 166
f 10 167 168 169
f 10 169 170 164
f 10 171 172 167
f 10 166 173 171
f 11 174 175 176
f 11 177 178 179
f 11 180 181 174
f 11 179 182 180
f 11 176 183 177
f 12 184 185 186
f 12 187 188 184
f 12 186 189 187
f 13 190 191 192
f 13 192 193 194
f 13 195 196 197
f 13 194 198 195
f 13 197 199 190
f 14 200 201 202
f 14 202 203 62
f 14 62 204 205
f 14 205 206 200
f 15 207 208 209
f 15 210 211 207
f 15 209 212 210
f 16 213 214 215
f 16 216 217 218
f 16 218 59 213
f 17 219 220 221
f 17 222 223 224
f 17 224 225 219
f 17 221 226 227
f 17 227 228 222
f 18 229 230 231
f 18 231 232 233
f 18 233 234 229
f 19 235 236 237
f 19 237 238 239
f 19 239 240 235
f 20 241 242 243
f 20 243 244 245
f 20 245 246 241
f 21 247 248 249
f 21 250 251 247
f 21 249 252 250
f 22 253 254 255
f 22 255 256 257
f 23 258 259 260
f 23 260 261 262
f 23 262 263 264
f 23 265 266 258
f 24 267 268 269
f 24 270 271 267
f 24 269 272 270
f 25 93 273 274
f 276 85 93 25
f 25 274 275 276
f 26 277 278 279
f 26 280 281 277
f 26 279 282 280
f 27 283 284 285
f 27 286 287 283
f 27 285 288 286
f 28 289 290 291
f 28 292 293 289
f 28 291 294 292
f 29 295 296 297
f 29 297 298 299
f 29 299 300 295
f 30 301 302 303
f 30 303 304 305
f 30 306 307 301
f 30 305 308 309
f 30 309 310 306
f 31 311 312 313
f 31 314 315 311
f 31 313 316 314
f 32 317 318 319
f 32 320 321 322
f 32 322 323 317
f 32 324 325 320
f 32 319 326 324
f 33 327 328 329
f 33 329 330 123
f 33 331 332 327
f 34 333 334 335
f 34 335 336 337
f 34 337 338 333
f 35 339 340 341
f 35 342 343 339
f 35 341 344 342
f 36 345 346 347
f 36 347 348 349
f 36 349 350 345
f 37 351 352 40
f 37 40 353 354
f 37 354 355 351
f 38 356 357 358
f 38 358 39 148
f 38 359 360 356
f 38 148 153 359
f 39 358 361 149
f 40 362 363 364
f 40 352 365 362
f 40 364 366 353
f 41 367 368 369
f 41 369 370 371
f 41 371 372 373
f 41 373 374 375
f 41 375 376 367
f 42 377 378 379
f 42 379 380 381
f 42 381 382 377
f 43 383 384 385
f 43 386 387 383
f 43 388 389 386
f 43 385 390 391
f 43 391 392 388
f 44 393 394 395
f 397 398 393 44
f 44 395 396 397
f 45 399 400 401
f 45 402 403 399
f 45 401 404 405
f 46 406 407 408
f 46 409 410 406
f 46 408 411 412
f 46 413 414 409
f 46 412 415 413
f 47 416 417 418
f 47 418 419 420
f 48 421 422 423
f 48 423 424 425
f 48 426 427 428
f 48 425 429 426
f 48 428 430 421
f 49 431 432 433
f 49 434 435 431
f 49 433 436 437
f 49 437 438 439
f 49 439 440 434
f 50 441 442 443
f 50 444 445 441
f 50 443 446 444
f 51 447 448 449
f 51 450 451 447
f 51 449 452 450
f 52 453 454 455
f 52 455 456 457
f 52 457 458 453
f 53 459 460 461
f 53 462 463 459
f 53 461 464 462
f 54 465 466 467
f 54 467 468 469
f 54 469 470 471
f 54 471 472 473
f 54 473 474 465
f 475 476 477 478
f 55 479 480 481
f 55 482 483 479
f 55 481 484 482
f 56 485 486 487
f 56 488 489 485
f 56 487 490 488
f 57 491 492 493
f 57 494 495 491
f 57 496 106 105
f 57 105 111 494
f 57 493 497 496
f 58 498 499 500
f 58 501 502 503
f 58 503 504 505
f 58 505 506 498
f 59 507 508 509
f 59 509 510 213
f 59 511 512 507
f 59 218 513 511
f 60 509 508 514
f 60 514 515 516
f 60 516 510 509
f 61 517 205 204
f 61 518 519 517
f 61 204 520 518
f 62 203 520 204
f 63 521 522 523
f 63 524 525 521
f 63 526 527 528
f 63 523 529 526
f 63 528 530 524
f 64 531 532 533
f 64 533 534 535
f 64 535 536 531
f 65 537 538 539
f 65 540 541 537
f 65 539 542 543
f 65 543 544 545
f 66 546 547 548
f 66 549 550 551
f 66 551 552 546
f 66 548 553 554
f 66 554 555 549
f 67 556 557 558
f 67 559 560 561
f 67 558 562 559
f 68 563 564 565
f 68 565 566 567
f 68 567 568 563
f 69 569 570 571
f 69 572 573 569
f 69 571 574 572
f 70 575 576 577
f 70 578 579 575
f 70 577 580 578
f 71 581 582 583
f 71 554 553 581
f 71 583 555 554
f 72 584 585 586
f 72 587 588 584
f 72 586 589 590
f 72 590 591 592
f 72 592 593 587
f 73 594 595 596
f 73 586 585 594
f 73 596 589 586
f 74 597 598 599
f 74 599 600 601
f 74 601 602 597
f 75 603 604 605
f 75 605 606 607
f 75 607 608 603
f 76 609 610 611
f 76 612 613 609
f 76 611 614 612
f 77 615 616 617
f 77 617 618 619
f 77 619 620 615
f 78 621 622 623
f 78 624 625 621
f 78 623 626 624
f 79 627 628 629
f 79 629 630 631
f 79 632 633 634
f 79 634 622 627
f 79 631 635 632
f 80 636 637 638
f 80 639 640 641
f 80 642 643 636
f 80 641 644 642
f 81 645 646 647
f 81 648 649 645
f 81 647 650 651
f 81 651 131 135
f 82 652 116 115
f 82 115 121 653
f 82 653 654 652
f 655 656 657 658
f 659 660 661 662
f 83 663 664 665
f 83 666 667 663
f 83 665 668 666
f 84 669 670 671
f 84 672 673 669
f 84 671 674 672
f 674 671 675 676
f 674 676 677 678
f 674 678 679 672
f 679 678 680 681
f 679 681 682 683
f 679 683 673 672
f 683 682 684 685
f 683 685 686 673
f 686 685 687 688
f 686 688 689 690
f 686 690 669 673
f 690 689 691 692
f 690 692 670 669
f 692 691 171 173
f 692 173 693 670
f 693 173 166 694
f 693 694 695 675
f 693 675 671 670
f 695 694 696 697
f 695 697 330 698
f 695 698 676 675
f 698 330 329 699
f 698 699 677 676
f 699 329 328 700
f 699 700 701 677
f 701 700 702 703
f 701 703 256 680
f 701 680 678 677
f 703 702 704 705
f 703 705 257 256
f 705 704 706 707
f 705 707 708 257
f 708 707 709 710
f 708 710 711 253
f 708 253 22 257
f 711 710 712 713
f 711 713 714 715
f 711 715 254 253
f 715 714 716 684
f 715 684 682 254
f 716 714 717 718
f 716 718 719 687
f 716 687 685 684
f 719 718 720 721
f 719 721 722 723
f 719 723 688 687
f 723 722 724 725
f 723 725 689 688
f 725 724 726 727
f 725 727 691 689
f 727 726 728 172
f 727 172 171 691
f 728 726 729 730
f 728 730 731 732
f 728 732 167 172
f 732 731 733 734
f 732 734 168 167
f 734 733 178 735
f 734 735 736 168
f 736 737 169 168
f 736 735 738 739
f 736 739 740 737
f 740 741 742 737
f 740 739 743 744
f 740 744 745 741
f 745 746 747 741
f 745 744 748 749
f 745 749 750 746
f 750 751 752 746
f 750 749 753 754
f 750 754 755 751
f 755 756 151 751
f 755 754 757 758
f 755 758 759 756
f 759 760 761 756
f 759 758 762 763
f 759 763 764 760
f 764 765 766 760
f 764 763 767 768
f 764 768 769 765
f 769 770 771 765
f 769 768 772 773
f 769 773 774 770
f 774 775 776 770
f 774 773 777 778
f 774 778 779 775
f 779 780 781 782
f 779 782 783 775
f 779 778 784 780
f 784 785 786 780
f 784 778 777 787
f 784 787 788 785
f 788 789 790 785
f 788 787 791 792
f 788 792 793 789
f 793 794 795 789
f 793 792 796 797
f 793 797 798 794
f 798 799 800 794
f 798 797 801 802
f 798 802 803 799
f 803 302 301 799
f 803 802 804 805
f 803 805 806 302
f 806 807 303 302
f 806 805 392 391
f 806 391 390 807
f 807 808 304 303
f 807 390 809 808
f 809 397 396 808
f 809 390 385 810
f 809 810 811 397
f 811 812 398 397
f 811 810 813 814
f 811 814 815 812
f 815 816 817 812
f 815 814 818 819
f 815 819 278 816
f 819 818 820 821
f 819 821 279 278
f 821 820 822 823
f 821 823 282 279
f 823 822 288 824
f 823 824 825 282
f 825 824 826 827
f 825 827 295 300
f 825 300 280 282
f 827 826 828 829
f 827 829 296 295
f 829 828 830 831
f 829 831 832 296
f 832 831 833 834
f 832 834 276 835
f 832 835 297 296
f 835 276 275 836
f 835 836 298 297
f 836 275 837 838
f 836 838 839 298
f 839 838 840 841
f 839 841 277 281
f 839 281 299 298
f 841 840 817 816
f 841 816 278 277
f 840 838 837 842
f 840 842 843 817
f 843 842 844 845
f 843 845 393 398
f 843 398 812 817
f 845 844 846 847
f 845 847 394 393
f 847 846 848 849
f 847 849 850 394
f 850 849 851 852
f 850 852 324 326
f 850 326 395 394
f 852 851 853 854
f 852 854 325 324
f 854 853 855 856
f 854 856 857 325
f 857 856 858 859
f 857 859 340 860
f 857 860 320 325
f 860 340 339 861
f 860 861 321 320
f 861 339 343 862
f 861 862 863 321
f 863 862 864 865
f 863 865 866 867
f 863 867 322 321
f 867 866 868 869
f 867 869 323 322
f 869 868 870 871
f 869 871 872 323
f 872 871 873 874
f 872 874 244 875
f 872 875 317 323
f 875 244 243 876
f 875 876 318 317
f 876 243 242 877
f 876 877 878 318
f 878 879 319 318
f 878 877 880 881
f 878 881 882 879
f 882 396 395 879
f 882 881 305 304
f 882 304 808 396
f 881 880 308 305
f 880 877 242 883
f 880 883 884 308
f 884 885 886 887
f 884 887 309 308
f 884 883 888 885
f 888 889 890 885
f 888 883 242 241
f 888 241 246 889
f 890 891 892 893
f 890 893 886 885
f 890 889 234 891
f 893 892 894 895
f 893 895 896 886
f 896 895 897 898
f 896 898 899 900
f 896 900 887 886
f 900 899 901 310
f 900 310 309 887
f 901 899 902 903
f 901 903 904 905
f 901 905 306 310
f 905 904 906 907
f 905 907 307 306
f 907 906 908 909
f 907 909 800 307
f 909 908 910 795
f 909 795 794 800
f 910 908 911 912
f 910 912 913 790
f 910 790 789 795
f 913 912 410 409
f 913 409 414 786
f 913 786 785 790
f 912 911 914 410
f 914 915 916 917
f 914 917 406 410
f 914 911 918 915
f 918 919 920 915
f 918 911 908 906
f 918 906 904 919
f 920 921 922 923
f 920 923 916 915
f 920 919 924 921
f 924 925 926 921
f 924 919 904 903
f 924 903 902 925
f 926 927 928 929
f 926 929 922 921
f 926 925 930 927
f 930 238 237 927
f 930 925 902 931
f 930 931 932 238
f 932 933 239 238
f 932 931 898 897
f 932 897 934 933
f 934 935 936 933
f 934 897 895 894
f 934 894 937 935
f 937 938 939 935
f 937 894 892 940
f 937 940 941 938
f 941 942 943 938
f 941 940 944 945
f 941 945 946 942
f 946 947 948 942
f 946 945 232 949
f 946 949 870 947
f 949 232 231 873
f 949 873 871 870
f 948 950 951 952
f 948 952 943 942
f 948 947 953 950
f 953 954 955 950
f 953 947 870 868
f 953 868 866 954
f 955 956 957 958
f 955 958 951 950
f 955 954 959 956
f 959 960 961 956
f 959 954 866 865
f 959 865 864 960
f 961 962 963 964
f 961 964 957 956
f 961 960 965 962
f 965 966 967 962
f 965 960 864 968
f 965 968 969 966
f 969 970 971 966
f 969 968 343 342
f 969 342 344 970
f 971 972 973 974
f 971 974 967 966
f 971 970 975 972
f 975 976 977 972
f 975 970 344 978
f 975 978 979 976
f 979 980 981 976
f 979 978 982 983
f 979 983 984 980
f 984 985 986 980
f 984 983 858 987
f 984 987 506 985
f 987 858 856 855
f 987 855 498 506
f 986 988 989 990
f 986 990 981 980
f 986 985 991 988
f 991 992 993 988
f 991 985 506 505
f 991 505 504 992
f 993 994 995 996
f 993 996 989 988
f 993 992 997 994
f 997 582 581 994
f 997 992 504 998
f 997 998 999 582
f 999 566 583 582
f 999 998 1000 1001
f 999 1001 567 566
f 1001 1002 568 567
f 1001 1000 1003 1002
f 1003 560 559 1002
f 1003 1000 503 502
f 1003 502 1004 560
f 1004 1005 561 560
f 1004 502 501 1006
f 1004 1006 1007 1005
f 1007 1008 1009 1005
f 1007 1006 1010 1011
f 1007 1011 1012 1008
f 1012 161 490 1008
f 1012 1011 1013 1014
f 1012 1014 162 161
f 1014 1013 1015 1016
f 1014 1016 163 162
f 1016 1015 1017 1018
f 1016 1018 1019 163
f 1019 1020 159 163
f 1019 1018 1021 1022
f 1019 1022 1023 1020
f 1023 1024 1025 1020
f 1023 1022 1026 1027
f 1023 1027 1028 1024
f 1028 1029 1030 1024
f 1028 1027 1031 263
f 1028 263 262 1029
f 1031 1027 1026 1032
f 1031 1032 1033 1034
f 1031 1034 264 263
f 1034 1033 335 334
f 1034 334 1035 264
f 1033 1032 90 94
f 1033 94 336 335
f 1032 1026 91 90
f 1030 1029 1036 1037
f 1030 1037 1038 1039
f 1030 1039 1025 1024
f 1039 1038 1040 1041
f 1039 1041 160 1025
f 1041 1040 1042 1043
f 1041 1043 154 160
f 1043 1042 640 639
f 1043 639 155 154
f 1042 1040 1044 1045
f 1042 1045 1046 640
f 1046 1045 1047 1048
f 1046 1048 1049 1050
f 1046 1050 641 640
f 1050 1049 1051 1052
f 1050 1052 644 641
f 1052 1051 1053 1054
f 1052 1054 1055 644
f 1055 1054 1056 1057
f 1055 1057 1058 1059
f 1055 1059 642 644
f 1059 1058 1060 1061
f 1059 1061 643 642
f 1061 1060 1062 1063
f 1061 1063 1064 643
f 1064 1065 636 643
f 1064 1063 631 630
f 1064 630 1066 1065
f 1066 1067 1068 1065
f 1066 630 629 1069
f 1066 1069 1070 1067
f 1070 1071 1072 1067
f 1070 1069 1073 1074
f 1070 1074 1075 1071
f 1075 1076 1077 1071
f 1075 1074 1078 1079
f 1075 1079 1080 1076
f 1080 527 1081 1076
f 1080 1079 109 108
f 1080 108 528 527
f 1081 1082 507 512
f 1081 512 1077 1076
f 1081 527 526 1082
f 1082 526 529 1083
f 1082 1083 508 507
f 1083 529 201 1084
f 1083 1084 514 508
f 1084 201 200 1085
f 1084 1085 515 514
f 1085 200 206 1086
f 1085 1086 1087 515
f 1087 1086 532 531
f 1087 531 536 1088
f 1087 1088 516 515
f 1088 536 1089 1090
f 1088 1090 510 516
f 1090 1089 1091 214
f 1090 214 213 510
f 1091 1089 1092 104
f 1091 104 99 1093
f 1091 1093 215 214
f 1093 99 98 1094
f 1093 1094 1095 215
f 1095 1094 1096 1097
f 1095 1097 1098 1099
f 1095 1099 16 215
f 1099 1098 556 1100
f 1099 1100 216 16
f 1100 556 67 1101
f 1100 1101 1102 216
f 1102 1103 217 216
f 1102 1101 1104 486
f 1102 486 485 1103
f 1104 1101 67 561
f 1104 561 1005 1009
f 1104 1009 487 486
f 1103 485 489 1105
f 1103 1105 1106 217
f 1106 1105 1107 1108
f 1106 1108 1109 513
f 1106 513 218 217
f 1109 1108 1110 1111
f 1109 1111 1072 1112
f 1109 1112 511 513
f 1112 1072 1071 1077
f 1112 1077 512 511
f 1111 1110 637 1068
f 1111 1068 1067 1072
f 1110 1108 1107 1113
f 1110 1113 638 637
f 1113 1107 157 156
f 1113 156 155 638
f 1107 1105 489 157
f 1098 1097 575 579
f 1098 579 557 556
f 1097 1096 576 575
f 1096 1094 98 1114
f 1096 1114 573 576
f 1114 98 97 1115
f 1114 1115 569 573
f 1115 97 96 1116
f 1115 1116 570 569
f 1116 96 1117 1118
f 1116 1118 1119 570
f 1119 1118 1120 1121
f 1119 1121 1122 1123
f 1119 1123 571 570
f 1123 1122 1124 1125
f 1123 1125 574 571
f 1125 1124 1126 1127
f 1125 1127 580 574
f 1127 1126 1128 1129
f 1127 1129 578 580
f 1129 1128 558 557
f 1129 557 579 578
f 1128 1126 1130 1131
f 1128 1131 562 558
f 1131 1130 564 563
f 1131 563 568 562
f 1130 550 549 564
f 1130 1126 1124 550
f 1124 1122 551 550
f 1122 1121 552 551
f 1121 1120 1132 552
f 1132 1133 1134 1135
f 1132 1135 546 552
f 1132 1120 1136 1133
f 1136 1137 1138 1133
f 1136 1120 1118 1117
f 1136 1117 1139 1137
f 1139 1140 1141 1137
f 1139 1117 96 95
f 1139 95 103 1140
f 1141 1142 1143 1144
f 1141 1144 1138 1137
f 1141 1140 1145 1142
f 1145 1146 1147 1142
f 1145 1140 103 1148
f 1145 1148 1149 1146
f 1149 1150 1151 1146
f 1149 1148 1152 1153
f 1149 1153 1154 1150
f 1154 1155 1156 1150
f 1154 1153 1157 1158
f 1154 1158 525 1155
f 1158 1157 1159 1160
f 1158 1160 521 525
f 1160 1159 1161 1162
f 1160 1162 522 521
f 1162 1161 518 520
f 1162 520 203 522
f 1161 1159 1163 1164
f 1161 1164 519 518
f 1164 1163 1165 1166
f 1164 1166 1167 519
f 1167 1166 534 533
f 1167 533 532 1168
f 1167 1168 517 519
f 1168 532 1086 206
f 1168 206 205 517
f 1166 1165 1169 534
f 1169 1165 101 100
f 1169 100 104 1092
f 1169 1092 535 534
f 1165 1163 1170 101
f 1170 1157 1153 1152
f 1170 1152 102 101
f 1170 1163 1159 1157
f 1156 1171 1172 1173
f 1156 1173 1151 1150
f 1156 1155 1174 1171
f 1174 1175 1176 1171
f 1174 1155 525 524
f 1174 524 530 1175
f 1176 496 497 1177
f 1176 1177 1172 1171
f 1176 1175 106 496
f 1177 497 1178 1179
f 1177 1179 1180 1172
f 1180 1179 1181 1182
f 1180 1182 1183 1184
f 1180 1184 1173 1172
f 1184 1183 1185 1186
f 1184 1186 1151 1173
f 1186 1185 1187 1147
f 1186 1147 1146 1151
f 1187 1185 1188 1189
f 1187 1189 1190 1143
f 1187 1143 1142 1147
f 1190 1189 1191 1192
f 1190 1192 1193 1194
f 1190 1194 1144 1143
f 1194 1193 1195 1196
f 1194 1196 1138 1144
f 1196 1195 1197 1134
f 1196 1134 1133 1138
f 1197 1195 1198 1199
f 1197 1199 1200 1201
f 1197 1201 1135 1134
f 1201 1200 1202 547
f 1201 547 546 1135
f 1202 1200 1203 1204
f 1202 1204 1205 1206
f 1202 1206 548 547
f 1206 1205 996 995
f 1206 995 553 548
f 1205 1204 1207 1208
f 1205 1208 989 996
f 1208 1207 1209 1210
f 1208 1210 990 989
f 1210 1209 1211 1212
f 1210 1212 981 990
f 1212 1211 1213 977
f 1212 977 976 981
f 1213 1211 1214 1215
f 1213 1215 1216 973
f 1213 973 972 977
f 1216 1215 1217 1218
f 1216 1218 1219 1220
f 1216 1220 974 973
f 1220 1219 1221 1222
f 1220 1222 967 974
f 1222 1221 1223 963
f 1222 963 962 967
f 1223 1221 1224 1225
f 1223 1225 1226 1227
f 1223 1227 964 963
f 1227 1226 1228 1229
f 1227 1229 957 964
f 1229 1228 1230 1231
f 1229 1231 958 957
f 1231 1230 1232 1233
f 1231 1233 951 958
f 1233 1232 1234 1235
f 1233 1235 952 951
f 1235 1234 1236 1237
f 1235 1237 943 952
f 1237 1236 1238 939
f 1237 939 938 943
f 1238 1236 222 228
f 1238 228 240 936
f 1238 936 935 939
f 1236 1234 223 222
f 1234 1232 1239 223
f 1239 1240 1241 1242
f 1239 1242 224 223
f 1239 1232 1230 1240
f 1242 1241 1243 1244
f 1242 1244 225 224
f 1244 1243 1245 1246
f 1244 1246 1247 225
f 1247 1246 1248 1249
f 1247 1249 1250 1251
f 1247 1251 219 225
f 1251 1250 1252 1253
f 1251 1253 220 219
f 1253 1252 1254 1255
f 1253 1255 1256 220
f 1256 1255 1257 1258
f 1256 1258 1259 1260
f 1256 1260 221 220
f 1260 1259 1261 1262
f 1260 1262 226 221
f 1262 1261 929 928
f 1262 928 236 226
f 1261 1259 1263 1264
f 1261 1264 922 929
f 1264 1263 1265 1266
f 1264 1266 923 922
f 1266 1265 1267 1268
f 1266 1268 916 923
f 1268 1267 1269 1270
f 1268 1270 917 916
f 1270 1269 1271 407
f 1270 407 406 917
f 1271 1269 1272 1273
f 1271 1273 438 1274
f 1271 1274 408 407
f 1274 438 437 1275
f 1274 1275 411 408
f 1275 437 436 1276
f 1275 1276 1277 411
f 1277 1278 412 411
f 1277 1276 1279 1280
f 1277 1280 1281 1278
f 1281 1282 1283 1278
f 1281 1280 1284 1285
f 1281 1285 1286 1282
f 1285 1284 1287 1288
f 1285 1288 1289 1286
f 1288 1287 1290 1291
f 1288 1291 1292 1289
f 1292 1293 1294 1289
f 1292 1291 1295 1296
f 1292 1296 1297 1293
f 1297 1298 1299 1293
f 1297 1296 1300 1301
f 1297 1301 1302 1298
f 1302 1303 1304 1298
f 1302 1301 1305 1306
f 1302 1306 1307 1303
f 1307 1308 1309 1303
f 1307 1306 1310 1311
f 1307 1311 1312 1308
f 1312 1313 1314 1308
f 1312 1311 1315 1316
f 1312 1316 1317 1313
f 1317 1316 348 347
f 1317 347 346 1318
f 1317 1318 1319 1313
f 1319 1318 1320 1321
f 1319 1321 356 360
f 1319 360 1314 1313
f 1321 1320 1322 1323
f 1321 1323 357 356
f 1323 1322 1324 1325
f 1323 1325 1326 357
f 1326 1325 1327 1328
f 1326 1328 1329 361
f 1326 361 358 357
f 1329 1328 1330 1331
f 1329 1331 752 150
f 1329 150 149 361
f 1331 1330 1332 747
f 1331 747 746 752
f 1332 1330 1333 1334
f 1332 1334 170 742
f 1332 742 741 747
f 1334 1333 1335 1336
f 1334 1336 164 170
f 1336 1335 1337 1338
f 1336 1338 165 164
f 1338 1337 1339 1340
f 1338 1340 696 165
f 1340 1339 125 124
f 1340 124 697 696
f 1339 1341 130 125
f 1339 1337 1342 1341
f 1342 1343 1344 1341
f 1342 1337 1335 1345
f 1342 1345 1324 1343
f 1345 1335 1333 1327
f 1345 1327 1325 1324
f 1344 1346 1347 1348
f 1344 1348 130 1341
f 1344 1343 1349 1346
f 1349 1350 1351 1346
f 1349 1343 1324 1322
f 1349 1322 1320 1350
f 1351 345 350 1352
f 1351 1352 1347 1346
f 1351 1350 346 345
f 1352 350 188 1353
f 1352 1353 1354 1347
f 1354 1353 1355 1356
f 1354 1356 1357 1358
f 1354 1358 1348 1347
f 1358 1357 129 128
f 1358 128 130 1348
f 1357 1356 1359 1360
f 1357 1360 1361 129
f 1361 1360 1362 1363
f 1361 1363 1364 1365
f 1361 1365 126 129
f 1365 1364 1366 1367
f 1365 1367 127 126
f 1367 1366 1368 1369
f 1367 1369 1370 127
f 1370 1369 1371 1372
f 1370 1372 1373 1374
f 1370 1374 122 127
f 1374 1373 1375 331
f 1374 331 33 122
f 1375 1373 1376 1377
f 1375 1377 1378 1379
f 1375 1379 332 331
f 1379 1378 1380 1381
f 1379 1381 1382 332
f 1382 1381 1383 1384
f 1382 1384 1385 1386
f 1382 1386 327 332
f 1386 1385 1387 1388
f 1386 1388 328 327
f 1388 1387 704 702
f 1388 702 700 328
f 1387 1385 1389 1390
f 1387 1390 706 704
f 1390 1389 1391 1392
f 1390 1392 1393 706
f 1393 1392 1394 1395
f 1393 1395 1396 709
f 1393 709 707 706
f 1396 1395 1397 492
f 1396 492 491 712
f 1396 712 710 709
f 1397 1395 1394 1398
f 1397 1398 1399 1400
f 1397 1400 493 492
f 1400 1399 1401 1178
f 1400 1178 497 493
f 1401 1399 1402 1403
f 1401 1403 1404 1181
f 1401 1181 1179 1178
f 1404 1403 1405 1406
f 1404 1406 1407 1408
f 1404 1408 1182 1181
f 1408 1407 1409 1410
f 1408 1410 1183 1182
f 1410 1409 1411 1188
f 1410 1188 1185 1183
f 1411 1409 1412 1413
f 1411 1413 1414 1191
f 1411 1191 1189 1188
f 1414 1413 1415 1416
f 1414 1416 1417 1418
f 1414 1418 1192 1191
f 1418 1417 1419 1420
f 1418 1420 1193 1192
f 1420 1419 1421 1198
f 1420 1198 1195 1193
f 1421 1419 400 1422
f 1421 1422 1423 1424
f 1421 1424 1199 1198
f 1424 1423 1425 1203
f 1424 1203 1200 1199
f 1425 1423 1426 1427
f 1425 1427 1209 1207
f 1425 1207 1204 1203
f 1427 1426 1428 1214
f 1427 1214 1211 1209
f 1428 1426 1429 1430
f 1428 1430 1431 1217
f 1428 1217 1215 1214
f 1431 1430 403 1432
f 1431 1432 1433 1434
f 1431 1434 1218 1217
f 1434 1433 1435 1436
f 1434 1436 1219 1218
f 1436 1435 1437 1224
f 1436 1224 1221 1219
f 1437 1435 1438 1439
f 1437 1439 1440 1441
f 1437 1441 1225 1224
f 1441 1440 1442 1443
f 1441 1443 1226 1225
f 1443 1442 1444 1445
f 1443 1445 1228 1226
f 1445 1444 1241 1240
f 1445 1240 1230 1228
f 1444 1442 1446 1447
f 1444 1447 1243 1241
f 1447 1446 1448 1449
f 1447 1449 1245 1243
f 1449 1448 1450 1451
f 1449 1451 1452 1245
f 1452 1451 1453 1454
f 1452 1454 1455 1248
f 1452 1248 1246 1245
f 1455 1454 1456 1457
f 1455 1457 1458 1459
f 1455 1459 1249 1248
f 1459 1458 1460 1461
f 1459 1461 1250 1249
f 1461 1460 1462 1463
f 1461 1463 1252 1250
f 1463 1462 1464 1465
f 1463 1465 1254 1252
f 1465 1464 1466 1467
f 1465 1467 1468 1254
f 1468 1467 1469 1470
f 1468 1470 1471 1257
f 1468 1257 1255 1254
f 1471 1470 1472 1473
f 1471 1473 1474 1475
f 1471 1475 1258 1257
f 1475 1474 1265 1263
f 1475 1263 1259 1258
f 1474 1473 1476 1477
f 1474 1477 1267 1265
f 1477 1476 1478 1272
f 1477 1272 1269 1267
f 1478 1476 1479 1480
f 1478 1480 1481 1482
f 1478 1482 1273 1272
f 1482 1481 440 439
f 1482 439 438 1273
f 1481 1480 1483 1484
f 1481 1484 1485 440
f 1485 1484 1486 1487
f 1485 1487 1488 1489
f 1485 1489 434 440
f 1489 1488 1490 1491
f 1489 1491 435 434
f 1491 1490 1492 1493
f 1491 1493 1494 435
f 1494 1493 1495 1496
f 1494 1496 1497 1498
f 1494 1498 431 435
f 1498 1497 1499 1500
f 1498 1500 432 431
f 1500 1499 1501 1502
f 1500 1502 1503 432
f 1503 1504 433 432
f 1503 1502 1505 1506
f 1503 1506 1507 1504
f 1507 1508 1509 1504
f 1507 1506 1510 1511
f 1507 1511 1512 1508
f 1512 1513 1514 1508
f 1512 1511 1515 1516
f 1512 1516 1517 1513
f 1517 1290 1287 1513
f 1517 1516 1518 1519
f 1517 1519 1520 1290
f 1520 1295 1291 1290
f 1520 1519 1521 1522
f 1520 1522 1523 1295
f 1523 1300 1296 1295
f 1523 1522 1524 1525
f 1523 1525 1526 1300
f 1526 1305 1301 1300
f 1526 1525 1527 1528
f 1526 1528 1529 1305
f 1529 1310 1306 1305
f 1529 1528 1530 1531
f 1529 1531 1532 1310
f 1532 1315 1311 1310
f 1532 1531 189 186
f 1532 186 185 1315
f 1531 1530 1533 189
f 1533 1530 1534 1359
f 1533 1359 1356 1355
f 1533 1355 187 189
f 1534 1530 1528 1527
f 1534 1527 1535 1362
f 1534 1362 1360 1359
f 1535 1527 1525 1524
f 1535 1524 1536 1537
f 1535 1537 1363 1362
f 1537 1536 1538 1539
f 1537 1539 1364 1363
f 1539 1538 1540 1541
f 1539 1541 1366 1364
f 1541 1540 426 429
f 1541 429 1368 1366
f 1540 1538 1542 1543
f 1540 1543 427 426
f 1543 1542 1518 1544
f 1543 1544 1545 427
f 1545 1544 1515 1546
f 1545 1546 1547 1548
f 1545 1548 428 427
f 1548 1547 1549 1550
f 1548 1550 430 428
f 1550 1549 1551 1552
f 1550 1552 1553 430
f 1553 1552 1554 1555
f 1553 1555 1556 1557
f 1553 1557 421 430
f 1557 1556 1558 1559
f 1557 1559 422 421
f 1559 1558 1560 451
f 1559 451 450 422
f 1560 1558 1561 1562
f 1560 1562 1563 1564
f 1560 1564 447 451
f 1564 1563 459 463
f 1564 463 448 447
f 1563 1562 1565 1566
f 1563 1566 460 459
f 1566 1565 1567 1568
f 1566 1568 1569 460
f 1569 1568 1570 1571
f 1569 1571 1572 1573
f 1569 1573 461 460
f 1573 1574 464 461
f 1573 1572 1575 1574
f 1575 1576 1577 1574
f 1575 1572 1578 1579
f 1575 1579 1580 1576
f 1580 1581 1582 1576
f 1580 1579 1583 1584
f 1580 1584 1585 1581
f 1585 1586 1587 1581
f 1585 1584 443 442
f 1585 442 1588 1586
f 1588 1378 1377 1586
f 1588 442 441 1589
f 1588 1589 1380 1378
f 1589 441 445 1590
f 1589 1590 1591 1380
f 1591 1590 1592 474
f 1591 474 473 1383
f 1591 1383 1381 1380
f 1592 1593 465 474
f 1592 1590 445 454
f 1592 454 453 1593
f 1593 1594 466 465
f 1593 453 458 1594
f 1594 1595 1596 466
f 1594 458 1597 1595
f 1597 1598 1599 1595
f 1597 458 457 1600
f 1597 1600 1601 1598
f 1601 1571 1570 1598
f 1601 1600 1602 1578
f 1601 1578 1572 1571
f 1602 1583 1579 1578
f 1602 1600 457 456
f 1602 456 446 1583
f 1599 1603 1604 1605
f 1599 1605 1596 1595
f 1599 1598 1570 1603
f 1605 1604 1606 1607
f 1605 1607 1608 1596
f 1608 1607 1609 1610
f 1608 1610 468 467
f 1608 467 466 1596
f 1610 1609 1611 541
f 1610 541 540 468
f 1611 1612 1613 1614
f 1611 1614 537 541
f 1611 1609 1615 1612
f 1615 1616 1617 1612
f 1615 1609 1607 1606
f 1615 1606 1618 1616
f 1618 1619 1620 1616
f 1618 1606 1604 1621
f 1618 1621 1622 1619
f 1622 1561 1623 1619
f 1622 1621 1567 1565
f 1622 1565 1562 1561
f 1623 1556 1555 1624
f 1623 1624 1620 1619
f 1623 1561 1558 1556
f 1624 1555 1554 1625
f 1624 1625 1626 1620
f 1626 1625 1627 1628
f 1626 1628 1629 1617
f 1626 1617 1616 1620
f 1629 1628 1630 1631
f 1629 1631 1632 1613
f 1629 1613 1612 1617
f 1632 1631 1633 1634
f 1632 1634 1635 1636
f 1632 1636 1614 1613
f 1636 1635 1637 538
f 1636 538 537 1614
f 1637 1635 1638 1639
f 1637 1639 1640 1641
f 1637 1641 539 538
f 1641 1640 1642 1643
f 1641 1643 542 539
f 1643 1642 1644 1645
f 1643 1645 1646 542
f 1646 1645 1647 1648
f 1646 1648 1649 1650
f 1646 1650 543 542
f 1650 1649 1651 1652
f 1650 1652 544 543
f 1652 1651 1407 1406
f 1652 1406 1405 544
f 1651 1649 1653 1412
f 1651 1412 1409 1407
f 1653 1649 1648 1654
f 1653 1654 1655 1415
f 1653 1415 1413 1412
f 1655 1654 1656 1657
f 1655 1657 405 404
f 1655 404 1416 1415
f 1657 1656 1658 1659
f 1657 1659 1660 405
f 1660 1659 1661 1662
f 1660 1662 1663 1664
f 1660 1664 45 405
f 1664 1663 1665 1666
f 1664 1666 402 45
f 1666 1665 1667 1668
f 1666 1668 1669 402
f 1669 1668 1670 1671
f 1669 1671 1433 1432
f 1669 1432 403 402
f 1671 1670 1672 1438
f 1671 1438 1435 1433
f 1672 1670 1673 1674
f 1672 1674 1675 1676
f 1672 1676 1439 1438
f 1676 1675 1677 1678
f 1676 1678 1440 1439
f 1678 1677 1448 1446
f 1678 1446 1442 1440
f 1677 1675 1679 1680
f 1677 1680 1450 1448
f 1680 1679 1681 1682
f 1680 1682 1683 1450
f 1683 1682 1684 1685
f 1683 1685 1686 1453
f 1683 1453 1451 1450
f 1686 1685 1687 1688
f 1686 1688 1689 1456
f 1686 1456 1454 1453
f 1689 1688 1690 1691
f 1689 1691 1692 1693
f 1689 1693 1457 1456
f 1693 1692 1694 1695
f 1693 1695 1458 1457
f 1695 1694 1696 1697
f 1695 1697 1460 1458
f 1697 1696 1698 1699
f 1697 1699 1462 1460
f 1699 1698 1700 1701
f 1699 1701 1464 1462
f 1701 1700 1702 1703
f 1701 1703 1466 1464
f 1703 1702 1704 1705
f 1703 1705 1706 1466
f 1706 1705 1707 1708
f 1706 1708 1709 1469
f 1706 1469 1467 1466
f 1709 1708 1710 1711
f 1709 1711 1479 1472
f 1709 1472 1470 1469
f 1711 1710 1712 1483
f 1711 1483 1480 1479
f 1712 1710 1713 1714
f 1712 1714 1715 1486
f 1712 1486 1484 1483
f 1715 1714 1716 1717
f 1715 1717 1718 1719
f 1715 1719 1487 1486
f 1719 1718 1720 1721
f 1719 1721 1488 1487
f 1721 1720 1722 1723
f 1721 1723 1490 1488
f 1723 1722 1724 1725
f 1723 1725 1492 1490
f 1725 1724 1726 1727
f 1725 1727 1728 1492
f 1728 1727 1729 1730
f 1728 1730 1731 1495
f 1728 1495 1493 1492
f 1731 1730 1732 1733
f 1731 1733 1734 1735
f 1731 1735 1496 1495
f 1735 1734 1736 1737
f 1735 1737 1497 1496
f 1737 1736 1738 1739
f 1737 1739 1499 1497
f 1739 1738 1740 1741
f 1739 1741 1501 1499
f 1741 1740 1742 1743
f 1741 1743 1744 1501
f 1744 1505 1502 1501
f 1744 1743 1745 1746
f 1744 1746 1747 1505
f 1747 1510 1506 1505
f 1747 1746 1549 1547
f 1747 1547 1546 1510
f 1746 1745 1551 1549
f 1745 1743 1742 1748
f 1745 1748 1749 1551
f 1749 1748 1750 1627
f 1749 1627 1625 1554
f 1749 1554 1552 1551
f 1750 1748 1742 1751
f 1750 1751 1752 1630
f 1750 1630 1628 1627
f 1752 1751 1753 1754
f 1752 1754 1755 1633
f 1752 1633 1631 1630
f 1755 1754 1756 1757
f 1755 1757 1758 1759
f 1755 1759 1634 1633
f 1759 1758 1760 1638
f 1759 1638 1635 1634
f 1760 1758 1761 1762
f 1760 1762 1763 1764
f 1760 1764 1639 1638
f 1764 1763 1765 1766
f 1764 1766 1640 1639
f 1766 1765 1767 1768
f 1766 1768 1642 1640
f 1768 1767 1769 1770
f 1768 1770 1644 1642
f 1770 1769 1771 1772
f 1770 1772 1773 1644
f 1773 1772 1774 1658
f 1773 1658 1656 1647
f 1773 1647 1645 1644
f 1774 1772 1771 1775
f 1774 1775 1776 1661
f 1774 1661 1659 1658
f 1776 1775 1777 1778
f 1776 1778 1779 1780
f 1776 1780 1662 1661
f 1780 1779 1781 1782
f 1780 1782 1663 1662
f 1782 1781 1783 1784
f 1782 1784 1665 1663
f 1784 1783 1785 1786
f 1784 1786 1667 1665
f 1786 1785 1787 1788
f 1786 1788 1673 1667
f 1788 1787 1789 1790
f 1788 1790 1674 1673
f 1790 1789 1681 1679
f 1790 1679 1675 1674
f 1789 1787 1791 1792
f 1789 1792 1793 1681
f 1793 1792 1794 1795
f 1793 1795 1796 1684
f 1793 1684 1682 1681
f 1796 1795 1797 1798
f 1796 1798 1799 1687
f 1796 1687 1685 1684
f 1799 1798 1800 1801
f 1799 1801 1802 1690
f 1799 1690 1688 1687
f 1802 1801 1803 1804
f 1802 1804 1805 1806
f 1802 1806 1691 1690
f 1806 1805 1807 1808
f 1806 1808 1692 1691
f 1808 1807 1809 1810
f 1808 1810 1694 1692
f 1810 1809 1811 1812
f 1810 1812 1696 1694
f 1812 1811 1813 1814
f 1812 1814 1698 1696
f 1814 1813 1815 1816
f 1814 1816 1700 1698
f 1816 1815 1817 1818
f 1816 1818 1702 1700
f 1818 1817 1819 1820
f 1818 1820 1704 1702
f 1820 1819 1821 1822
f 1820 1822 1823 1704
f 1823 1822 1824 1825
f 1823 1825 1713 1707
f 1823 1707 1705 1704
f 1825 1824 1826 1716
f 1825 1716 1714 1713
f 1826 1824 1827 1828
f 1826 1828 1829 1830
f 1826 1830 1717 1716
f 1830 1829 1831 1832
f 1830 1832 1718 1717
f 1832 1831 1833 1834
f 1832 1834 1720 1718
f 1834 1833 1835 1836
f 1834 1836 1722 1720
f 1836 1835 1837 1838
f 1836 1838 1724 1722
f 1838 1837 1839 1840
f 1838 1840 1726 1724
f 1840 1839 1841 1842
f 1840 1842 1843 1726
f 1843 1842 1844 1845
f 1843 1845 1846 1729
f 1843 1729 1727 1726
f 1846 1845 1847 1848
f 1846 1848 1849 1732
f 1846 1732 1730 1729
f 1849 1848 1850 1851
f 1849 1851 1852 1853
f 1849 1853 1733 1732
f 1853 1852 1854 1855
f 1853 1855 1734 1733
f 1855 1854 1856 1857
f 1855 1857 1736 1734
f 1857 1856 1756 1858
f 1857 1858 1738 1736
f 1858 1756 1754 1753
f 1858 1753 1740 1738
f 1856 1854 1859 1860
f 1856 1860 1757 1756
f 1860 1859 417 1761
f 1860 1761 1758 1757
f 1859 1854 1852 1861
f 1859 1861 418 417
f 1861 1852 1851 1862
f 1861 1862 419 418
f 1862 1851 1850 1863
f 1862 1863 1864 419
f 1864 1863 1865 1866
f 1864 1866 1867 1868
f 1864 1868 420 419
f 1868 1867 1869 1870
f 1868 1870 1871 420
f 1871 416 47 420
f 1871 1870 1765 1763
f 1871 1763 1762 416
f 1870 1869 1767 1765
f 1869 1867 1872 1873
f 1869 1873 1769 1767
f 1873 1872 1874 1875
f 1873 1875 1771 1769
f 1875 1874 1876 1777
f 1875 1777 1775 1771
f 1876 1874 132 1877
f 1876 1877 1878 1879
f 1876 1879 1778 1777
f 1879 1878 250 252
f 1879 252 1779 1778
f 1878 1877 651 650
f 1878 650 251 250
f 1877 132 131 651
f 1874 1872 133 132
f 1872 1867 1866 133
f 1866 1865 6 133
f 1865 1863 1850 1880
f 1865 1880 136 6
f 1880 1847 1881 136
f 1880 1850 1848 1847
f 1881 1844 1882 1883
f 1881 1883 137 136
f 1881 1847 1845 1844
f 1883 1882 1884 1885
f 1883 1885 1886 137
f 1886 1885 1887 656
f 1886 656 655 1888
f 1886 1888 134 137
f 1888 655 658 1889
f 1888 1889 135 134
f 1889 658 1890 648
f 1889 648 81 135
f 1890 658 657 1891
f 1890 1891 1892 1893
f 1890 1893 649 648
f 1893 1892 1894 1895
f 1893 1895 1896 649
f 1896 1895 1897 1898
f 1896 1898 1899 1900
f 1896 1900 645 649
f 1900 1899 1901 1902
f 1900 1902 646 645
f 1902 1901 1797 1903
f 1902 1903 1904 646
f 1904 1905 647 646
f 1904 1903 1794 1906
f 1904 1906 1907 1905
f 1907 247 251 1905
f 1907 1906 1791 1908
f 1907 1908 248 247
f 1908 1791 1787 1785
f 1908 1785 1783 248
f 1906 1794 1792 1791
f 1905 251 650 647
f 1903 1797 1795 1794
f 1901 1899 1909 1800
f 1901 1800 1798 1797
f 1909 1899 1898 1910
f 1909 1910 1911 1803
f 1909 1803 1801 1800
f 1911 1910 1912 1913
f 1911 1913 1914 1915
f 1911 1915 1804 1803
f 1915 1914 1916 1917
f 1915 1917 1805 1804
f 1917 1916 1918 1919
f 1917 1919 1807 1805
f 1919 1918 1920 1921
f 1919 1921 1809 1807
f 1921 1920 1922 1923
f 1921 1923 1811 1809
f 1923 1922 1924 1925
f 1923 1925 1813 1811
f 1925 1924 1926 1927
f 1925 1927 1815 1813
f 1927 1926 1928 1929
f 1927 1929 1817 1815
f 1929 1928 660 1930
f 1929 1930 1819 1817
f 1930 660 659 1931
f 1930 1931 1821 1819
f 1931 659 662 1932
f 1931 1932 1827 1821
f 1932 662 1933 1934
f 1932 1934 1828 1827
f 1934 1933 1935 1936
f 1934 1936 1829 1828
f 1936 1935 119 118
f 1936 118 1831 1829
f 1935 1933 1937 1938
f 1935 1938 1939 119
f 1939 1938 1940 1941
f 1939 1941 1942 1943
f 1939 1943 4 119
f 1943 1942 1944 1945
f 1943 1945 120 4
f 1945 1944 1946 1947
f 1945 1947 1948 120
f 1948 1947 1949 1950
f 1948 1950 1951 1952
f 1948 1952 121 120
f 1952 1951 1953 1954
f 1952 1954 653 121
f 1954 1953 1884 1955
f 1954 1955 654 653
f 1955 1884 1882 1841
f 1955 1841 1839 654
f 1953 1951 1956 1887
f 1953 1887 1885 1884
f 1956 1951 1950 1957
f 1956 1957 1891 657
f 1956 657 656 1887
f 1957 1950 1949 1958
f 1957 1958 1892 1891
f 1958 1949 1959 1960
f 1958 1960 1894 1892
f 1960 1959 1961 1962
f 1960 1962 1963 1894
f 1963 1962 1964 1965
f 1963 1965 1912 1897
f 1963 1897 1895 1894
f 1965 1964 665 664
f 1965 664 1913 1912
f 1964 1966 668 665
f 1964 1962 1961 1966
f 1966 1967 1968 668
f 1966 1961 1969 1967
f 1969 1970 1971 1967
f 1969 1961 1959 1946
f 1969 1946 1944 1970
f 1971 210 212 1972
f 1971 1972 1968 1967
f 1971 1970 211 210
f 1972 212 1973 1974
f 1972 1974 1975 1968
f 1975 666 668 1968
f 1975 1974 1976 1977
f 1975 1977 667 666
f 1977 1976 1920 1918
f 1977 1918 1916 667
f 1976 1974 1973 1978
f 1976 1978 1922 1920
f 1978 1973 1979 1980
f 1978 1980 1924 1922
f 1980 1979 1981 1982
f 1980 1982 1926 1924
f 1982 1981 1983 1984
f 1982 1984 1928 1926
f 1984 1983 1937 661
f 1984 661 660 1928
f 1983 1981 208 1940
f 1983 1940 1938 1937
f 1981 1979 209 208
f 1979 1973 212 209
f 1970 1944 1942 211
f 1959 1949 1947 1946
f 1942 1941 207 211
f 1941 1940 208 207
f 1937 1933 662 661
f 1916 1914 663 667
f 1914 1913 664 663
f 1912 1910 1898 1897
f 1882 1844 1842 1841
f 1839 1837 652 654
f 1837 1835 116 652
f 1835 1833 117 116
f 1833 1831 118 117
f 1827 1824 1822 1821
f 1783 1781 249 248
f 1781 1779 252 249
f 1762 1761 417 416
f 1753 1751 1742 1740
f 1713 1710 1708 1707
f 1673 1670 1668 1667
f 1656 1654 1648 1647
f 1621 1604 1603 1567
f 1603 1570 1568 1567
f 1587 1376 1985 1986
f 1587 1986 1582 1581
f 1587 1586 1377 1376
f 1986 1985 1987 1988
f 1986 1988 1989 1582
f 1989 1988 1990 1991
f 1989 1991 1992 1577
f 1989 1577 1576 1582
f 1992 1991 1993 1994
f 1992 1994 462 464
f 1992 464 1574 1577
f 1994 1993 449 448
f 1994 448 463 462
f 1993 1995 452 449
f 1993 1991 1990 1995
f 1995 424 423 452
f 1995 1990 1996 424
f 1996 1997 425 424
f 1996 1990 1988 1987
f 1996 1987 1371 1997
f 1997 1368 429 425
f 1997 1371 1369 1368
f 1987 1985 1372 1371
f 1985 1376 1373 1372
f 1584 1583 446 443
f 1546 1515 1511 1510
f 1544 1518 1516 1515
f 1542 1521 1519 1518
f 1542 1538 1536 1521
f 1536 1524 1522 1521
f 1514 1284 1280 1279
f 1514 1279 1509 1508
f 1514 1513 1287 1284
f 1509 1279 1276 436
f 1509 436 433 1504
f 1479 1476 1473 1472
f 1430 1429 399 403
f 1429 1422 400 399
f 1429 1426 1423 1422
f 1419 1417 401 400
f 1417 1416 404 401
f 1405 1998 545 544
f 1405 1403 1402 1998
f 1998 1999 2000 545
f 1998 1402 2001 1999
f 2001 2002 470 1999
f 2001 1402 1399 1398
f 2001 1398 1394 2002
f 2002 1391 471 470
f 2002 1394 1392 1391
f 2000 469 468 540
f 2000 540 65 545
f 2000 1999 470 469
f 1391 1389 472 471
f 1389 1385 1384 472
f 1384 1383 473 472
f 1355 1353 188 187
f 1350 1320 1318 346
f 1333 1330 1328 1327
f 1316 1315 185 348
f 1314 360 359 2003
f 1314 2003 1309 1308
f 2003 359 153 2004
f 2003 2004 2005 1309
f 2005 2004 2006 2007
f 2005 2007 2008 1304
f 2005 1304 1303 1309
f 2008 2007 2009 2010
f 2008 2010 2011 1299
f 2008 1299 1298 1304
f 2011 2010 2012 2013
f 2011 2013 2014 1294
f 2011 1294 1293 1299
f 2013 2012 2015 2016
f 2013 2016 2017 2014
f 2017 2018 2019 2014
f 2017 2016 380 379
f 2017 379 378 2018
f 2018 378 2020 2021
f 2018 2021 2022 2019
f 2021 2020 1283 1282
f 2021 1282 1286 2022
f 2020 378 377 2023
f 2020 2023 415 1283
f 2023 377 382 2024
f 2023 2024 413 415
f 2024 382 782 781
f 2024 781 414 413
f 2016 2015 2025 380
f 2025 2015 2026 776
f 2025 776 775 783
f 2025 783 381 380
f 2026 2015 2012 2027
f 2026 2027 2028 771
f 2026 771 770 776
f 2028 2027 2009 2029
f 2028 2029 2030 766
f 2028 766 765 771
f 2030 2029 2006 152
f 2030 152 8 761
f 2030 761 760 766
f 2029 2009 2007 2006
f 2027 2012 2010 2009
f 2006 2004 153 152
f 1283 415 412 1278
f 1175 530 107 106
f 1152 1148 103 102
f 1092 1089 536 535
f 1079 1078 114 109
f 1078 1074 1073 2031
f 1078 2031 2032 114
f 2032 2031 2033 2034
f 2032 2034 2035 2036
f 2032 2036 112 114
f 2036 2035 2037 2038
f 2036 2038 113 112
f 2038 2037 2039 2040
f 2038 2040 2041 113
f 2041 2042 110 113
f 2041 2040 595 2043
f 2041 2043 2044 2042
f 2044 2045 2046 2042
f 2044 2043 2047 2048
f 2044 2048 2049 2045
f 2049 721 720 2045
f 2049 2048 2050 2051
f 2049 2051 722 721
f 2051 2050 2052 2053
f 2051 2053 724 722
f 2053 2052 2054 729
f 2053 729 726 724
f 2054 2052 2055 2056
f 2054 2056 2057 2058
f 2054 2058 730 729
f 2058 2057 2059 2060
f 2058 2060 731 730
f 2060 2059 2061 2062
f 2060 2062 733 731
f 2062 2061 182 179
f 2062 179 178 733
f 2061 2059 2063 2064
f 2061 2064 2065 182
f 2065 2064 2066 2067
f 2065 2067 2068 2069
f 2065 2069 180 182
f 2069 2068 2070 2071
f 2069 2071 181 180
f 2071 2070 2072 2073
f 2071 2073 2074 181
f 2074 2075 174 181
f 2074 2073 2076 2077
f 2074 2077 2078 2075
f 2078 2079 2080 2075
f 2078 2077 2081 2082
f 2078 2082 2083 2079
f 2083 2084 2085 2079
f 2083 2082 374 2086
f 2083 2086 2087 2084
f 2087 2088 2089 2084
f 2087 2086 2090 2091
f 2087 2091 2092 2088
f 2092 2093 2094 2088
f 2092 2091 2095 2096
f 2092 2096 2097 2093
f 2097 2098 2099 2093
f 2097 2096 2100 2101
f 2097 2101 2102 2098
f 2102 2103 2104 2098
f 2102 2101 2105 2106
f 2102 2106 2107 2103
f 2107 2108 2109 2103
f 2107 2106 2110 2111
f 2107 2111 2112 2108
f 2112 2113 2114 2108
f 2112 2111 2115 2116
f 2112 2116 2117 2113
f 2117 2118 2119 2113
f 2117 2116 2120 2121
f 2117 2121 2122 2118
f 2122 292 294 2118
f 2122 2121 2123 2124
f 2122 2124 293 292
f 2124 2123 271 270
f 2124 270 272 293
f 2123 2121 2120 259
f 2123 259 258 271
f 2120 2116 2115 2125
f 2120 2125 260 259
f 2125 2115 2126 2127
f 2125 2127 261 260
f 2127 2126 2128 2129
f 2127 2129 1036 261
f 2129 2128 2130 2131
f 2129 2131 1037 1036
f 2131 2130 2132 2133
f 2131 2133 1038 1037
f 2133 2132 2134 1044
f 2133 1044 1040 1038
f 2134 2132 2135 2136
f 2134 2136 2137 1047
f 2134 1047 1045 1044
f 2137 2136 2138 2139
f 2137 2139 2140 2141
f 2137 2141 1048 1047
f 2141 2140 2142 2143
f 2141 2143 1049 1048
f 2143 2142 2144 2145
f 2143 2145 1051 1049
f 2145 2144 2146 2147
f 2145 2147 1053 1051
f 2147 2146 2148 2149
f 2147 2149 2150 1053
f 2150 2149 2151 2152
f 2150 2152 2153 1056
f 2150 1056 1054 1053
f 2153 2152 601 600
f 2153 600 2154 2155
f 2153 2155 1057 1056
f 2155 2154 2156 2157
f 2155 2157 1058 1057
f 2157 2156 2158 2159
f 2157 2159 1060 1058
f 2159 2158 2160 2161
f 2159 2161 1062 1060
f 2161 2160 608 2162
f 2161 2162 635 1062
f 2162 608 607 2163
f 2162 2163 632 635
f 2163 607 606 2164
f 2163 2164 633 632
f 2164 606 2165 2166
f 2164 2166 2167 633
f 2167 2168 634 633
f 2167 2166 2169 2170
f 2167 2170 2171 2168
f 2171 626 623 2168
f 2171 2170 2172 2173
f 2171 2173 2174 626
f 2174 2175 624 626
f 2174 2173 193 2176
f 2174 2176 2177 2175
f 2177 2178 2179 2175
f 2177 2176 2180 2181
f 2177 2181 2182 2178
f 2182 2183 2184 2178
f 2182 2181 591 590
f 2182 590 589 2183
f 2184 2037 2035 2185
f 2184 2185 2179 2178
f 2184 2183 2039 2037
f 2185 2035 2034 2186
f 2185 2186 625 2179
f 2186 2034 2033 2187
f 2186 2187 621 625
f 2187 2033 628 627
f 2187 627 622 621
f 2183 589 596 2039
f 2181 2180 2188 591
f 2188 2180 192 191
f 2188 191 2189 2190
f 2188 2190 592 591
f 2190 2191 593 592
f 2190 2189 2192 2191
f 2192 2193 2194 2191
f 2192 2189 2195 2196
f 2192 2196 2197 2193
f 2197 2196 2198 2199
f 2197 2199 484 2200
f 2197 2200 2201 2193
f 2201 2202 2194 2193
f 2201 2200 2203 2204
f 2201 2204 477 2202
f 2204 2203 2205 2206
f 2204 2206 478 477
f 2206 2070 2068 478
f 2206 2205 2072 2070
f 2205 2203 481 480
f 2205 480 2207 2072
f 2207 2076 2073 2072
f 2207 480 479 2208
f 2207 2208 2209 2076
f 2209 2081 2077 2076
f 2209 2208 2210 376
f 2209 376 375 2081
f 2210 2208 479 483
f 2210 483 2211 2212
f 2210 2212 367 376
f 2212 2211 2213 2214
f 2212 2214 368 367
f 2214 2213 2215 2216
f 2214 2216 2217 368
f 2217 2216 2218 2219
f 2217 2219 2220 2221
f 2217 2221 369 368
f 2221 2220 2222 2223
f 2221 2223 370 369
f 2223 2222 2224 2225
f 2223 2225 2226 370
f 2226 2227 371 370
f 2226 2225 2144 2142
f 2226 2142 2140 2227
f 2227 2228 372 371
f 2227 2140 2139 2228
f 2228 2229 2230 372
f 2228 2139 2138 2229
f 2230 2095 2091 2090
f 2230 2090 373 372
f 2230 2229 2231 2095
f 2231 2100 2096 2095
f 2231 2229 2138 2232
f 2231 2232 2233 2100
f 2233 2105 2101 2100
f 2233 2232 2135 2234
f 2233 2234 2235 2105
f 2235 2110 2106 2105
f 2235 2234 2130 2128
f 2235 2128 2126 2110
f 2234 2135 2132 2130
f 2232 2138 2136 2135
f 2225 2224 2146 2144
f 2224 2222 2236 2237
f 2224 2237 2148 2146
f 2237 2236 2238 2239
f 2237 2239 2240 2148
f 2240 2239 2241 2242
f 2240 2242 602 2151
f 2240 2151 2149 2148
f 2242 2241 2243 2244
f 2242 2244 597 602
f 2244 2243 2245 2246
f 2244 2246 598 597
f 2246 2247 2248 598
f 2246 2245 2249 2247
f 2249 2250 2251 2247
f 2249 2245 2252 2253
f 2249 2253 2254 2250
f 2254 2255 2256 2250
f 2254 2253 2257 2258
f 2254 2258 2259 2255
f 2259 2260 2261 2255
f 2259 2258 610 618
f 2259 618 617 2260
f 2261 2262 2263 2264
f 2261 2264 2256 2255
f 2261 2260 2265 2262
f 2265 2266 2267 2262
f 2265 2260 617 616
f 2265 616 2268 2266
f 2268 2269 2270 2266
f 2268 616 615 2271
f 2268 2271 2272 2269
f 2272 196 195 2269
f 2272 2271 2273 2274
f 2272 2274 2275 196
f 2275 2276 197 196
f 2275 2274 2277 2278
f 2275 2278 2279 2276
f 2279 2280 2281 2276
f 2279 2278 2282 2283
f 2279 2283 2218 2280
f 2283 2282 2284 2285
f 2283 2285 2219 2218
f 2285 2284 2286 2287
f 2285 2287 2220 2219
f 2287 2286 2238 2236
f 2287 2236 2222 2220
f 2286 2284 2288 2289
f 2286 2289 2290 2238
f 2290 2289 2291 2292
f 2290 2292 2243 2241
f 2290 2241 2239 2238
f 2292 2291 2293 2252
f 2292 2252 2245 2243
f 2293 2291 2294 614
f 2293 614 611 2257
f 2293 2257 2253 2252
f 2294 2288 2295 2296
f 2294 2296 612 614
f 2294 2291 2289 2288
f 2296 2295 2277 2297
f 2296 2297 613 612
f 2297 2277 2274 2273
f 2297 2273 620 613
f 2295 2282 2278 2277
f 2295 2288 2284 2282
f 2281 2298 2299 199
f 2281 199 197 2276
f 2281 2280 2215 2298
f 2299 2198 2196 2195
f 2299 2195 190 199
f 2299 2298 2300 2198
f 2300 2301 2199 2198
f 2300 2298 2215 2213
f 2300 2213 2211 2301
f 2301 482 484 2199
f 2301 2211 483 482
f 2280 2218 2216 2215
f 2273 2271 615 620
f 2270 198 2302 2303
f 2270 2303 2267 2266
f 2270 2269 195 198
f 2303 2302 2169 2304
f 2303 2304 2305 2267
f 2305 2304 2165 2306
f 2305 2306 2307 2263
f 2305 2263 2262 2267
f 2307 2306 605 604
f 2307 604 2308 2309
f 2307 2309 2264 2263
f 2309 2308 2310 2311
f 2309 2311 2256 2264
f 2311 2310 2312 2251
f 2311 2251 2250 2256
f 2312 2310 2313 2314
f 2312 2314 2315 2248
f 2312 2248 2247 2251
f 2315 2154 600 599
f 2315 599 598 2248
f 2315 2314 2156 2154
f 2314 2313 2158 2156
f 2313 2310 2308 2316
f 2313 2316 2160 2158
f 2316 2308 604 603
f 2316 603 608 2160
f 2306 2165 606 605
f 2304 2169 2166 2165
f 2302 2172 2170 2169
f 2302 198 194 2172
f 2258 2257 611 610
f 2203 2200 484 481
f 2202 2317 2318 2194
f 2202 477 476 2317
f 2318 2319 587 593
f 2318 593 2191 2194
f 2318 2317 2320 2319
f 2320 2063 2321 2319
f 2320 2317 476 2066
f 2320 2066 2064 2063
f 2321 2057 2056 588
f 2321 588 587 2319
f 2321 2063 2059 2057
f 2195 2189 191 190
f 2180 2176 193 192
f 2179 625 624 2175
f 2173 2172 194 193
f 2168 623 622 634
f 2152 2151 602 601
f 2126 2115 2111 2110
f 2119 2322 145 2323
f 2119 2323 2114 2113
f 2119 2118 294 2322
f 2323 145 144 2324
f 2323 2324 2325 2114
f 2325 2324 2326 2327
f 2325 2327 2328 2109
f 2325 2109 2108 2114
f 2328 2327 2329 2330
f 2328 2330 2331 2104
f 2328 2104 2103 2109
f 2331 2330 2332 2333
f 2331 2333 2334 2099
f 2331 2099 2098 2104
f 2334 2333 2335 2336
f 2334 2336 2337 2094
f 2334 2094 2093 2099
f 2337 2336 2338 2339
f 2337 2339 2340 2089
f 2337 2089 2088 2094
f 2340 2339 2341 2342
f 2340 2342 2343 2085
f 2340 2085 2084 2089
f 2343 2342 2344 2345
f 2343 2345 175 2080
f 2343 2080 2079 2085
f 2345 2344 2346 2347
f 2345 2347 176 175
f 2347 2348 183 176
f 2347 2346 2349 2348
f 2349 2350 2351 2348
f 2349 2346 2352 2353
f 2349 2353 2354 2350
f 2354 2355 2356 2350
f 2354 2353 354 353
f 2354 353 366 2355
f 2356 2357 748 2358
f 2356 2358 2351 2350
f 2356 2355 2359 2357
f 2359 2360 753 2357
f 2359 2355 366 2361
f 2359 2361 2362 2360
f 2362 2363 757 2360
f 2362 2361 2364 2365
f 2362 2365 2366 2363
f 2366 2367 762 2363
f 2366 2365 2368 2369
f 2366 2369 2370 2367
f 2370 2371 2372 2373
f 2370 2373 767 2367
f 2370 2369 2374 2371
f 2374 2375 2376 2371
f 2374 2369 2368 2377
f 2374 2377 2378 2375
f 2378 2379 2380 2375
f 2378 2377 2381 2382
f 2378 2382 312 2379
f 2382 2381 2383 2384
f 2382 2384 313 312
f 2384 2383 2385 2386
f 2384 2386 316 313
f 2386 2385 2387 2388
f 2386 2388 2389 316
f 2389 389 314 316
f 2389 2388 2390 2391
f 2389 2391 386 389
f 2391 2390 2392 2393
f 2391 2393 387 386
f 2393 2392 2394 2395
f 2393 2395 2396 387
f 2396 2397 383 387
f 2396 2395 2398 2399
f 2396 2399 2400 2397
f 2400 2401 2402 2397
f 2400 2399 2403 2404
f 2400 2404 2405 2401
f 2405 2406 2407 2401
f 2405 2404 2408 287
f 2405 287 286 2406
f 2408 2404 2403 2409
f 2408 2409 141 2410
f 2408 2410 283 287
f 2410 141 140 2411
f 2410 2411 284 283
f 2411 140 139 830
f 2411 830 828 284
f 2409 2403 2412 2413
f 2409 2413 142 141
f 2413 2412 2414 2415
f 2413 2415 143 142
f 2415 2414 2416 2417
f 2415 2417 2326 143
f 2417 2416 2418 2329
f 2417 2329 2327 2326
f 2418 2416 2419 2420
f 2418 2420 2421 2332
f 2418 2332 2330 2329
f 2421 2420 2422 2423
f 2421 2423 2424 2335
f 2421 2335 2333 2332
f 2424 2423 2425 2426
f 2424 2426 2427 2338
f 2424 2338 2336 2335
f 2427 2426 2428 2429
f 2427 2429 2430 2341
f 2427 2341 2339 2338
f 2430 2429 355 2352
f 2430 2352 2346 2344
f 2430 2344 2342 2341
f 2429 2428 351 355
f 2428 2431 352 351
f 2428 2426 2425 2431
f 2431 2432 365 352
f 2431 2425 2433 2432
f 2433 2434 2435 2432
f 2433 2425 2423 2422
f 2433 2422 2436 2434
f 2436 2394 2392 2434
f 2436 2422 2420 2419
f 2436 2419 2437 2394
f 2437 2398 2395 2394
f 2437 2419 2416 2414
f 2437 2414 2412 2398
f 2435 2390 2388 2387
f 2435 2387 365 2432
f 2435 2434 2392 2390
f 2412 2403 2399 2398
f 2407 820 818 2438
f 2407 2438 2402 2401
f 2407 2406 822 820
f 2438 818 814 813
f 2438 813 384 2402
f 2406 286 288 822
f 2402 384 383 2397
f 2387 2385 362 365
f 2385 2383 363 362
f 2383 2381 2439 363
f 2439 2381 2377 2368
f 2439 2368 2365 2364
f 2439 2364 364 363
f 2380 2440 801 2441
f 2380 2441 2376 2375
f 2380 2379 2442 2440
f 2442 2443 804 2440
f 2442 2379 312 311
f 2442 311 315 2443
f 2443 392 805 804
f 2443 315 388 392
f 2441 801 797 796
f 2441 796 2444 2376
f 2444 796 792 791
f 2444 791 2445 2372
f 2444 2372 2371 2376
f 2445 791 787 777
f 2445 777 773 772
f 2445 772 2373 2372
f 2440 804 802 801
f 2373 772 768 767
f 2367 767 763 762
f 2364 2361 366 364
f 2363 762 758 757
f 2360 757 754 753
f 2358 748 744 743
f 2358 743 2446 2351
f 2446 743 739 738
f 2446 738 177 183
f 2446 183 2348 2351
f 2357 753 749 748
f 2353 2352 355 354
f 2326 2324 144 143
f 2322 2447 146 145
f 2322 294 291 2447
f 2447 2448 147 146
f 2447 291 290 2448
f 2448 290 2449 2450
f 2448 2450 2451 147
f 2451 2452 138 147
f 2451 2450 88 87
f 2451 87 86 2452
f 2452 833 139 138
f 2452 86 834 833
f 2450 2449 2453 88
f 2453 2449 2454 2455
f 2453 2455 2456 2457
f 2453 2457 89 88
f 2457 336 94 89
f 2457 2456 337 336
f 2456 2455 269 268
f 2456 268 338 337
f 2455 2454 272 269
f 2454 2449 290 289
f 2454 289 293 272
f 2090 2086 374 373
f 2082 2081 375 374
f 2080 175 174 2075
f 2068 2067 475 478
f 2067 2066 476 475
f 2056 2055 584 588
f 2055 2052 2050 2458
f 2055 2458 585 584
f 2458 2050 2048 2047
f 2458 2047 594 585
f 2047 2043 595 594
f 2046 2459 494 111
f 2046 111 110 2042
f 2046 2045 720 2459
f 2459 717 495 494
f 2459 720 718 717
f 2040 2039 596 595
f 2033 2031 1073 628
f 1073 1069 629 628
f 1068 637 636 1065
f 1063 1062 635 631
f 1036 1029 262 261
f 1026 1022 1021 91
f 1025 160 159 1020
f 1021 1018 1017 2460
f 1021 2460 92 91
f 2460 1017 2461 273
f 2460 273 93 92
f 2461 1017 1015 2462
f 2461 2462 2463 2464
f 2461 2464 274 273
f 2464 2463 2465 2466
f 2464 2466 2467 274
f 2467 2466 846 844
f 2467 844 842 837
f 2467 837 275 274
f 2466 2465 848 846
f 2465 2463 2468 2469
f 2465 2469 2470 848
f 2470 2469 500 499
f 2470 499 853 851
f 2470 851 849 848
f 2469 2468 2471 500
f 2471 1010 1006 501
f 2471 501 58 500
f 2471 2468 2472 1010
f 2472 1013 1011 1010
f 2472 2468 2463 2462
f 2472 2462 1015 1013
f 1009 1008 490 487
f 1002 559 562 568
f 1000 998 504 503
f 995 994 581 553
f 983 982 859 858
f 982 978 344 341
f 982 341 340 859
f 968 864 862 343
f 945 944 233 232
f 944 940 892 891
f 944 891 234 233
f 936 240 239 933
f 931 902 899 898
f 928 927 237 236
f 889 246 229 234
f 879 395 326 319
f 874 873 231 230
f 874 230 245 244
f 855 853 499 498
f 834 86 85 276
f 833 831 830 139
f 828 826 285 284
f 826 824 288 285
f 813 810 385 384
f 800 799 301 307
f 786 414 781 780
f 783 782 382 381
f 761 8 151 756
f 752 751 151 150
f 742 170 169 737
f 738 735 178 177
f 717 714 713 495
f 713 712 491 495
f 697 124 123 330
f 696 694 166 165
f 682 681 255 254
f 681 680 256 255
f 639 80 638 155
f 620 619 609 613
f 619 618 610 609
f 583 566 565 555
f 580 577 572 574
f 577 576 573 572
f 565 564 549 555
f 530 528 108 107
f 529 523 202 201
f 523 522 203 202
f 490 161 158 488
f 489 488 158 157
f 456 455 444 446
f 455 454 445 444
f 452 423 422 450
f 389 388 315 314
f 350 349 184 188
f 349 348 185 184
f 338 268 267 266
f 338 266 265 333
f 334 333 265 1035
f 300 299 281 280
f 271 258 266 267
f 1035 265 23 264
f 246 245 230 229
f 240 228 227 235
f 236 235 227 226
f 2019 2022 2474 2473
f 1286 1289 2474 2022
f 2473 2474 1289 1294
f 2014 2019 2473 1294

 